{"id":"../../node_modules/react/cjs/react.development.js","dependencies":[{"name":"/Users/wonglok/Downloads/aa/a1/package.json","includedInParent":true,"mtime":1612071036692},{"name":"/Users/wonglok/Downloads/aa/a1/node_modules/react/package.json","includedInParent":true,"mtime":1608334535586},{"name":"object-assign","loc":{"line":16,"column":22},"parent":"/Users/wonglok/Downloads/aa/a1/node_modules/react/cjs/react.development.js","resolved":"/Users/wonglok/Downloads/aa/a1/node_modules/object-assign/index.js"}],"generated":{"js":"/** @license React v17.0.1\n * react.development.js\n *\n * Copyright (c) Facebook, Inc. and its affiliates.\n *\n * This source code is licensed under the MIT license found in the\n * LICENSE file in the root directory of this source tree.\n */\n'use strict';\n\nif (undefined !== \"production\") {\n  (function () {\n    'use strict';\n\n    var _assign = require('object-assign'); // TODO: this is special because it gets imported during build.\n\n\n    var ReactVersion = '17.0.1'; // ATTENTION\n    // When adding new symbols to this file,\n    // Please consider also adding to 'react-devtools-shared/src/backend/ReactSymbols'\n    // The Symbol used to tag the ReactElement-like types. If there is no native Symbol\n    // nor polyfill, then a plain number is used for performance.\n\n    var REACT_ELEMENT_TYPE = 0xeac7;\n    var REACT_PORTAL_TYPE = 0xeaca;\n    exports.Fragment = 0xeacb;\n    exports.StrictMode = 0xeacc;\n    exports.Profiler = 0xead2;\n    var REACT_PROVIDER_TYPE = 0xeacd;\n    var REACT_CONTEXT_TYPE = 0xeace;\n    var REACT_FORWARD_REF_TYPE = 0xead0;\n    exports.Suspense = 0xead1;\n    var REACT_SUSPENSE_LIST_TYPE = 0xead8;\n    var REACT_MEMO_TYPE = 0xead3;\n    var REACT_LAZY_TYPE = 0xead4;\n    var REACT_BLOCK_TYPE = 0xead9;\n    var REACT_SERVER_BLOCK_TYPE = 0xeada;\n    var REACT_FUNDAMENTAL_TYPE = 0xead5;\n    var REACT_SCOPE_TYPE = 0xead7;\n    var REACT_OPAQUE_ID_TYPE = 0xeae0;\n    var REACT_DEBUG_TRACING_MODE_TYPE = 0xeae1;\n    var REACT_OFFSCREEN_TYPE = 0xeae2;\n    var REACT_LEGACY_HIDDEN_TYPE = 0xeae3;\n\n    if (typeof Symbol === 'function' && Symbol.for) {\n      var symbolFor = Symbol.for;\n      REACT_ELEMENT_TYPE = symbolFor('react.element');\n      REACT_PORTAL_TYPE = symbolFor('react.portal');\n      exports.Fragment = symbolFor('react.fragment');\n      exports.StrictMode = symbolFor('react.strict_mode');\n      exports.Profiler = symbolFor('react.profiler');\n      REACT_PROVIDER_TYPE = symbolFor('react.provider');\n      REACT_CONTEXT_TYPE = symbolFor('react.context');\n      REACT_FORWARD_REF_TYPE = symbolFor('react.forward_ref');\n      exports.Suspense = symbolFor('react.suspense');\n      REACT_SUSPENSE_LIST_TYPE = symbolFor('react.suspense_list');\n      REACT_MEMO_TYPE = symbolFor('react.memo');\n      REACT_LAZY_TYPE = symbolFor('react.lazy');\n      REACT_BLOCK_TYPE = symbolFor('react.block');\n      REACT_SERVER_BLOCK_TYPE = symbolFor('react.server.block');\n      REACT_FUNDAMENTAL_TYPE = symbolFor('react.fundamental');\n      REACT_SCOPE_TYPE = symbolFor('react.scope');\n      REACT_OPAQUE_ID_TYPE = symbolFor('react.opaque.id');\n      REACT_DEBUG_TRACING_MODE_TYPE = symbolFor('react.debug_trace_mode');\n      REACT_OFFSCREEN_TYPE = symbolFor('react.offscreen');\n      REACT_LEGACY_HIDDEN_TYPE = symbolFor('react.legacy_hidden');\n    }\n\n    var MAYBE_ITERATOR_SYMBOL = typeof Symbol === 'function' && Symbol.iterator;\n    var FAUX_ITERATOR_SYMBOL = '@@iterator';\n\n    function getIteratorFn(maybeIterable) {\n      if (maybeIterable === null || typeof maybeIterable !== 'object') {\n        return null;\n      }\n\n      var maybeIterator = MAYBE_ITERATOR_SYMBOL && maybeIterable[MAYBE_ITERATOR_SYMBOL] || maybeIterable[FAUX_ITERATOR_SYMBOL];\n\n      if (typeof maybeIterator === 'function') {\n        return maybeIterator;\n      }\n\n      return null;\n    }\n    /**\n     * Keeps track of the current dispatcher.\n     */\n\n\n    var ReactCurrentDispatcher = {\n      /**\n       * @internal\n       * @type {ReactComponent}\n       */\n      current: null\n    };\n    /**\n     * Keeps track of the current batch's configuration such as how long an update\n     * should suspend for if it needs to.\n     */\n\n    var ReactCurrentBatchConfig = {\n      transition: 0\n    };\n    /**\n     * Keeps track of the current owner.\n     *\n     * The current owner is the component who should own any components that are\n     * currently being constructed.\n     */\n\n    var ReactCurrentOwner = {\n      /**\n       * @internal\n       * @type {ReactComponent}\n       */\n      current: null\n    };\n    var ReactDebugCurrentFrame = {};\n    var currentExtraStackFrame = null;\n\n    function setExtraStackFrame(stack) {\n      {\n        currentExtraStackFrame = stack;\n      }\n    }\n\n    {\n      ReactDebugCurrentFrame.setExtraStackFrame = function (stack) {\n        {\n          currentExtraStackFrame = stack;\n        }\n      }; // Stack implementation injected by the current renderer.\n\n\n      ReactDebugCurrentFrame.getCurrentStack = null;\n\n      ReactDebugCurrentFrame.getStackAddendum = function () {\n        var stack = ''; // Add an extra top frame while an element is being validated\n\n        if (currentExtraStackFrame) {\n          stack += currentExtraStackFrame;\n        } // Delegate to the injected renderer-specific implementation\n\n\n        var impl = ReactDebugCurrentFrame.getCurrentStack;\n\n        if (impl) {\n          stack += impl() || '';\n        }\n\n        return stack;\n      };\n    }\n    /**\n     * Used by act() to track whether you're inside an act() scope.\n     */\n\n    var IsSomeRendererActing = {\n      current: false\n    };\n    var ReactSharedInternals = {\n      ReactCurrentDispatcher: ReactCurrentDispatcher,\n      ReactCurrentBatchConfig: ReactCurrentBatchConfig,\n      ReactCurrentOwner: ReactCurrentOwner,\n      IsSomeRendererActing: IsSomeRendererActing,\n      // Used by renderers to avoid bundling object-assign twice in UMD bundles:\n      assign: _assign\n    };\n    {\n      ReactSharedInternals.ReactDebugCurrentFrame = ReactDebugCurrentFrame;\n    } // by calls to these methods by a Babel plugin.\n    //\n    // In PROD (or in packages without access to React internals),\n    // they are left as they are instead.\n\n    function warn(format) {\n      {\n        for (var _len = arguments.length, args = new Array(_len > 1 ? _len - 1 : 0), _key = 1; _key < _len; _key++) {\n          args[_key - 1] = arguments[_key];\n        }\n\n        printWarning('warn', format, args);\n      }\n    }\n\n    function error(format) {\n      {\n        for (var _len2 = arguments.length, args = new Array(_len2 > 1 ? _len2 - 1 : 0), _key2 = 1; _key2 < _len2; _key2++) {\n          args[_key2 - 1] = arguments[_key2];\n        }\n\n        printWarning('error', format, args);\n      }\n    }\n\n    function printWarning(level, format, args) {\n      // When changing this logic, you might want to also\n      // update consoleWithStackDev.www.js as well.\n      {\n        var ReactDebugCurrentFrame = ReactSharedInternals.ReactDebugCurrentFrame;\n        var stack = ReactDebugCurrentFrame.getStackAddendum();\n\n        if (stack !== '') {\n          format += '%s';\n          args = args.concat([stack]);\n        }\n\n        var argsWithFormat = args.map(function (item) {\n          return '' + item;\n        }); // Careful: RN currently depends on this prefix\n\n        argsWithFormat.unshift('Warning: ' + format); // We intentionally don't use spread (or .apply) directly because it\n        // breaks IE9: https://github.com/facebook/react/issues/13610\n        // eslint-disable-next-line react-internal/no-production-logging\n\n        Function.prototype.apply.call(console[level], console, argsWithFormat);\n      }\n    }\n\n    var didWarnStateUpdateForUnmountedComponent = {};\n\n    function warnNoop(publicInstance, callerName) {\n      {\n        var _constructor = publicInstance.constructor;\n        var componentName = _constructor && (_constructor.displayName || _constructor.name) || 'ReactClass';\n        var warningKey = componentName + \".\" + callerName;\n\n        if (didWarnStateUpdateForUnmountedComponent[warningKey]) {\n          return;\n        }\n\n        error(\"Can't call %s on a component that is not yet mounted. \" + 'This is a no-op, but it might indicate a bug in your application. ' + 'Instead, assign to `this.state` directly or define a `state = {};` ' + 'class property with the desired state in the %s component.', callerName, componentName);\n        didWarnStateUpdateForUnmountedComponent[warningKey] = true;\n      }\n    }\n    /**\n     * This is the abstract API for an update queue.\n     */\n\n\n    var ReactNoopUpdateQueue = {\n      /**\n       * Checks whether or not this composite component is mounted.\n       * @param {ReactClass} publicInstance The instance we want to test.\n       * @return {boolean} True if mounted, false otherwise.\n       * @protected\n       * @final\n       */\n      isMounted: function (publicInstance) {\n        return false;\n      },\n\n      /**\n       * Forces an update. This should only be invoked when it is known with\n       * certainty that we are **not** in a DOM transaction.\n       *\n       * You may want to call this when you know that some deeper aspect of the\n       * component's state has changed but `setState` was not called.\n       *\n       * This will not invoke `shouldComponentUpdate`, but it will invoke\n       * `componentWillUpdate` and `componentDidUpdate`.\n       *\n       * @param {ReactClass} publicInstance The instance that should rerender.\n       * @param {?function} callback Called after component is updated.\n       * @param {?string} callerName name of the calling function in the public API.\n       * @internal\n       */\n      enqueueForceUpdate: function (publicInstance, callback, callerName) {\n        warnNoop(publicInstance, 'forceUpdate');\n      },\n\n      /**\n       * Replaces all of the state. Always use this or `setState` to mutate state.\n       * You should treat `this.state` as immutable.\n       *\n       * There is no guarantee that `this.state` will be immediately updated, so\n       * accessing `this.state` after calling this method may return the old value.\n       *\n       * @param {ReactClass} publicInstance The instance that should rerender.\n       * @param {object} completeState Next state.\n       * @param {?function} callback Called after component is updated.\n       * @param {?string} callerName name of the calling function in the public API.\n       * @internal\n       */\n      enqueueReplaceState: function (publicInstance, completeState, callback, callerName) {\n        warnNoop(publicInstance, 'replaceState');\n      },\n\n      /**\n       * Sets a subset of the state. This only exists because _pendingState is\n       * internal. This provides a merging strategy that is not available to deep\n       * properties which is confusing. TODO: Expose pendingState or don't use it\n       * during the merge.\n       *\n       * @param {ReactClass} publicInstance The instance that should rerender.\n       * @param {object} partialState Next partial state to be merged with state.\n       * @param {?function} callback Called after component is updated.\n       * @param {?string} Name of the calling function in the public API.\n       * @internal\n       */\n      enqueueSetState: function (publicInstance, partialState, callback, callerName) {\n        warnNoop(publicInstance, 'setState');\n      }\n    };\n    var emptyObject = {};\n    {\n      Object.freeze(emptyObject);\n    }\n    /**\n     * Base class helpers for the updating state of a component.\n     */\n\n    function Component(props, context, updater) {\n      this.props = props;\n      this.context = context; // If a component has string refs, we will assign a different object later.\n\n      this.refs = emptyObject; // We initialize the default updater but the real one gets injected by the\n      // renderer.\n\n      this.updater = updater || ReactNoopUpdateQueue;\n    }\n\n    Component.prototype.isReactComponent = {};\n    /**\n     * Sets a subset of the state. Always use this to mutate\n     * state. You should treat `this.state` as immutable.\n     *\n     * There is no guarantee that `this.state` will be immediately updated, so\n     * accessing `this.state` after calling this method may return the old value.\n     *\n     * There is no guarantee that calls to `setState` will run synchronously,\n     * as they may eventually be batched together.  You can provide an optional\n     * callback that will be executed when the call to setState is actually\n     * completed.\n     *\n     * When a function is provided to setState, it will be called at some point in\n     * the future (not synchronously). It will be called with the up to date\n     * component arguments (state, props, context). These values can be different\n     * from this.* because your function may be called after receiveProps but before\n     * shouldComponentUpdate, and this new state, props, and context will not yet be\n     * assigned to this.\n     *\n     * @param {object|function} partialState Next partial state or function to\n     *        produce next partial state to be merged with current state.\n     * @param {?function} callback Called after state is updated.\n     * @final\n     * @protected\n     */\n\n    Component.prototype.setState = function (partialState, callback) {\n      if (!(typeof partialState === 'object' || typeof partialState === 'function' || partialState == null)) {\n        {\n          throw Error(\"setState(...): takes an object of state variables to update or a function which returns an object of state variables.\");\n        }\n      }\n\n      this.updater.enqueueSetState(this, partialState, callback, 'setState');\n    };\n    /**\n     * Forces an update. This should only be invoked when it is known with\n     * certainty that we are **not** in a DOM transaction.\n     *\n     * You may want to call this when you know that some deeper aspect of the\n     * component's state has changed but `setState` was not called.\n     *\n     * This will not invoke `shouldComponentUpdate`, but it will invoke\n     * `componentWillUpdate` and `componentDidUpdate`.\n     *\n     * @param {?function} callback Called after update is complete.\n     * @final\n     * @protected\n     */\n\n\n    Component.prototype.forceUpdate = function (callback) {\n      this.updater.enqueueForceUpdate(this, callback, 'forceUpdate');\n    };\n    /**\n     * Deprecated APIs. These APIs used to exist on classic React classes but since\n     * we would like to deprecate them, we're not going to move them over to this\n     * modern base class. Instead, we define a getter that warns if it's accessed.\n     */\n\n\n    {\n      var deprecatedAPIs = {\n        isMounted: ['isMounted', 'Instead, make sure to clean up subscriptions and pending requests in ' + 'componentWillUnmount to prevent memory leaks.'],\n        replaceState: ['replaceState', 'Refactor your code to use setState instead (see ' + 'https://github.com/facebook/react/issues/3236).']\n      };\n\n      var defineDeprecationWarning = function (methodName, info) {\n        Object.defineProperty(Component.prototype, methodName, {\n          get: function () {\n            warn('%s(...) is deprecated in plain JavaScript React classes. %s', info[0], info[1]);\n            return undefined;\n          }\n        });\n      };\n\n      for (var fnName in deprecatedAPIs) {\n        if (deprecatedAPIs.hasOwnProperty(fnName)) {\n          defineDeprecationWarning(fnName, deprecatedAPIs[fnName]);\n        }\n      }\n    }\n\n    function ComponentDummy() {}\n\n    ComponentDummy.prototype = Component.prototype;\n    /**\n     * Convenience component with default shallow equality check for sCU.\n     */\n\n    function PureComponent(props, context, updater) {\n      this.props = props;\n      this.context = context; // If a component has string refs, we will assign a different object later.\n\n      this.refs = emptyObject;\n      this.updater = updater || ReactNoopUpdateQueue;\n    }\n\n    var pureComponentPrototype = PureComponent.prototype = new ComponentDummy();\n    pureComponentPrototype.constructor = PureComponent; // Avoid an extra prototype jump for these methods.\n\n    _assign(pureComponentPrototype, Component.prototype);\n\n    pureComponentPrototype.isPureReactComponent = true; // an immutable object with a single mutable value\n\n    function createRef() {\n      var refObject = {\n        current: null\n      };\n      {\n        Object.seal(refObject);\n      }\n      return refObject;\n    }\n\n    function getWrappedName(outerType, innerType, wrapperName) {\n      var functionName = innerType.displayName || innerType.name || '';\n      return outerType.displayName || (functionName !== '' ? wrapperName + \"(\" + functionName + \")\" : wrapperName);\n    }\n\n    function getContextName(type) {\n      return type.displayName || 'Context';\n    }\n\n    function getComponentName(type) {\n      if (type == null) {\n        // Host root, text node or just invalid type.\n        return null;\n      }\n\n      {\n        if (typeof type.tag === 'number') {\n          error('Received an unexpected object in getComponentName(). ' + 'This is likely a bug in React. Please file an issue.');\n        }\n      }\n\n      if (typeof type === 'function') {\n        return type.displayName || type.name || null;\n      }\n\n      if (typeof type === 'string') {\n        return type;\n      }\n\n      switch (type) {\n        case exports.Fragment:\n          return 'Fragment';\n\n        case REACT_PORTAL_TYPE:\n          return 'Portal';\n\n        case exports.Profiler:\n          return 'Profiler';\n\n        case exports.StrictMode:\n          return 'StrictMode';\n\n        case exports.Suspense:\n          return 'Suspense';\n\n        case REACT_SUSPENSE_LIST_TYPE:\n          return 'SuspenseList';\n      }\n\n      if (typeof type === 'object') {\n        switch (type.$$typeof) {\n          case REACT_CONTEXT_TYPE:\n            var context = type;\n            return getContextName(context) + '.Consumer';\n\n          case REACT_PROVIDER_TYPE:\n            var provider = type;\n            return getContextName(provider._context) + '.Provider';\n\n          case REACT_FORWARD_REF_TYPE:\n            return getWrappedName(type, type.render, 'ForwardRef');\n\n          case REACT_MEMO_TYPE:\n            return getComponentName(type.type);\n\n          case REACT_BLOCK_TYPE:\n            return getComponentName(type._render);\n\n          case REACT_LAZY_TYPE:\n            {\n              var lazyComponent = type;\n              var payload = lazyComponent._payload;\n              var init = lazyComponent._init;\n\n              try {\n                return getComponentName(init(payload));\n              } catch (x) {\n                return null;\n              }\n            }\n        }\n      }\n\n      return null;\n    }\n\n    var hasOwnProperty = Object.prototype.hasOwnProperty;\n    var RESERVED_PROPS = {\n      key: true,\n      ref: true,\n      __self: true,\n      __source: true\n    };\n    var specialPropKeyWarningShown, specialPropRefWarningShown, didWarnAboutStringRefs;\n    {\n      didWarnAboutStringRefs = {};\n    }\n\n    function hasValidRef(config) {\n      {\n        if (hasOwnProperty.call(config, 'ref')) {\n          var getter = Object.getOwnPropertyDescriptor(config, 'ref').get;\n\n          if (getter && getter.isReactWarning) {\n            return false;\n          }\n        }\n      }\n      return config.ref !== undefined;\n    }\n\n    function hasValidKey(config) {\n      {\n        if (hasOwnProperty.call(config, 'key')) {\n          var getter = Object.getOwnPropertyDescriptor(config, 'key').get;\n\n          if (getter && getter.isReactWarning) {\n            return false;\n          }\n        }\n      }\n      return config.key !== undefined;\n    }\n\n    function defineKeyPropWarningGetter(props, displayName) {\n      var warnAboutAccessingKey = function () {\n        {\n          if (!specialPropKeyWarningShown) {\n            specialPropKeyWarningShown = true;\n            error('%s: `key` is not a prop. Trying to access it will result ' + 'in `undefined` being returned. If you need to access the same ' + 'value within the child component, you should pass it as a different ' + 'prop. (https://reactjs.org/link/special-props)', displayName);\n          }\n        }\n      };\n\n      warnAboutAccessingKey.isReactWarning = true;\n      Object.defineProperty(props, 'key', {\n        get: warnAboutAccessingKey,\n        configurable: true\n      });\n    }\n\n    function defineRefPropWarningGetter(props, displayName) {\n      var warnAboutAccessingRef = function () {\n        {\n          if (!specialPropRefWarningShown) {\n            specialPropRefWarningShown = true;\n            error('%s: `ref` is not a prop. Trying to access it will result ' + 'in `undefined` being returned. If you need to access the same ' + 'value within the child component, you should pass it as a different ' + 'prop. (https://reactjs.org/link/special-props)', displayName);\n          }\n        }\n      };\n\n      warnAboutAccessingRef.isReactWarning = true;\n      Object.defineProperty(props, 'ref', {\n        get: warnAboutAccessingRef,\n        configurable: true\n      });\n    }\n\n    function warnIfStringRefCannotBeAutoConverted(config) {\n      {\n        if (typeof config.ref === 'string' && ReactCurrentOwner.current && config.__self && ReactCurrentOwner.current.stateNode !== config.__self) {\n          var componentName = getComponentName(ReactCurrentOwner.current.type);\n\n          if (!didWarnAboutStringRefs[componentName]) {\n            error('Component \"%s\" contains the string ref \"%s\". ' + 'Support for string refs will be removed in a future major release. ' + 'This case cannot be automatically converted to an arrow function. ' + 'We ask you to manually fix this case by using useRef() or createRef() instead. ' + 'Learn more about using refs safely here: ' + 'https://reactjs.org/link/strict-mode-string-ref', componentName, config.ref);\n            didWarnAboutStringRefs[componentName] = true;\n          }\n        }\n      }\n    }\n    /**\n     * Factory method to create a new React element. This no longer adheres to\n     * the class pattern, so do not use new to call it. Also, instanceof check\n     * will not work. Instead test $$typeof field against Symbol.for('react.element') to check\n     * if something is a React Element.\n     *\n     * @param {*} type\n     * @param {*} props\n     * @param {*} key\n     * @param {string|object} ref\n     * @param {*} owner\n     * @param {*} self A *temporary* helper to detect places where `this` is\n     * different from the `owner` when React.createElement is called, so that we\n     * can warn. We want to get rid of owner and replace string `ref`s with arrow\n     * functions, and as long as `this` and owner are the same, there will be no\n     * change in behavior.\n     * @param {*} source An annotation object (added by a transpiler or otherwise)\n     * indicating filename, line number, and/or other information.\n     * @internal\n     */\n\n\n    var ReactElement = function (type, key, ref, self, source, owner, props) {\n      var element = {\n        // This tag allows us to uniquely identify this as a React Element\n        $$typeof: REACT_ELEMENT_TYPE,\n        // Built-in properties that belong on the element\n        type: type,\n        key: key,\n        ref: ref,\n        props: props,\n        // Record the component responsible for creating this element.\n        _owner: owner\n      };\n      {\n        // The validation flag is currently mutative. We put it on\n        // an external backing store so that we can freeze the whole object.\n        // This can be replaced with a WeakMap once they are implemented in\n        // commonly used development environments.\n        element._store = {}; // To make comparing ReactElements easier for testing purposes, we make\n        // the validation flag non-enumerable (where possible, which should\n        // include every environment we run tests in), so the test framework\n        // ignores it.\n\n        Object.defineProperty(element._store, 'validated', {\n          configurable: false,\n          enumerable: false,\n          writable: true,\n          value: false\n        }); // self and source are DEV only properties.\n\n        Object.defineProperty(element, '_self', {\n          configurable: false,\n          enumerable: false,\n          writable: false,\n          value: self\n        }); // Two elements created in two different places should be considered\n        // equal for testing purposes and therefore we hide it from enumeration.\n\n        Object.defineProperty(element, '_source', {\n          configurable: false,\n          enumerable: false,\n          writable: false,\n          value: source\n        });\n\n        if (Object.freeze) {\n          Object.freeze(element.props);\n          Object.freeze(element);\n        }\n      }\n      return element;\n    };\n    /**\n     * Create and return a new ReactElement of the given type.\n     * See https://reactjs.org/docs/react-api.html#createelement\n     */\n\n\n    function createElement(type, config, children) {\n      var propName; // Reserved names are extracted\n\n      var props = {};\n      var key = null;\n      var ref = null;\n      var self = null;\n      var source = null;\n\n      if (config != null) {\n        if (hasValidRef(config)) {\n          ref = config.ref;\n          {\n            warnIfStringRefCannotBeAutoConverted(config);\n          }\n        }\n\n        if (hasValidKey(config)) {\n          key = '' + config.key;\n        }\n\n        self = config.__self === undefined ? null : config.__self;\n        source = config.__source === undefined ? null : config.__source; // Remaining properties are added to a new props object\n\n        for (propName in config) {\n          if (hasOwnProperty.call(config, propName) && !RESERVED_PROPS.hasOwnProperty(propName)) {\n            props[propName] = config[propName];\n          }\n        }\n      } // Children can be more than one argument, and those are transferred onto\n      // the newly allocated props object.\n\n\n      var childrenLength = arguments.length - 2;\n\n      if (childrenLength === 1) {\n        props.children = children;\n      } else if (childrenLength > 1) {\n        var childArray = Array(childrenLength);\n\n        for (var i = 0; i < childrenLength; i++) {\n          childArray[i] = arguments[i + 2];\n        }\n\n        {\n          if (Object.freeze) {\n            Object.freeze(childArray);\n          }\n        }\n        props.children = childArray;\n      } // Resolve default props\n\n\n      if (type && type.defaultProps) {\n        var defaultProps = type.defaultProps;\n\n        for (propName in defaultProps) {\n          if (props[propName] === undefined) {\n            props[propName] = defaultProps[propName];\n          }\n        }\n      }\n\n      {\n        if (key || ref) {\n          var displayName = typeof type === 'function' ? type.displayName || type.name || 'Unknown' : type;\n\n          if (key) {\n            defineKeyPropWarningGetter(props, displayName);\n          }\n\n          if (ref) {\n            defineRefPropWarningGetter(props, displayName);\n          }\n        }\n      }\n      return ReactElement(type, key, ref, self, source, ReactCurrentOwner.current, props);\n    }\n\n    function cloneAndReplaceKey(oldElement, newKey) {\n      var newElement = ReactElement(oldElement.type, newKey, oldElement.ref, oldElement._self, oldElement._source, oldElement._owner, oldElement.props);\n      return newElement;\n    }\n    /**\n     * Clone and return a new ReactElement using element as the starting point.\n     * See https://reactjs.org/docs/react-api.html#cloneelement\n     */\n\n\n    function cloneElement(element, config, children) {\n      if (!!(element === null || element === undefined)) {\n        {\n          throw Error(\"React.cloneElement(...): The argument must be a React element, but you passed \" + element + \".\");\n        }\n      }\n\n      var propName; // Original props are copied\n\n      var props = _assign({}, element.props); // Reserved names are extracted\n\n\n      var key = element.key;\n      var ref = element.ref; // Self is preserved since the owner is preserved.\n\n      var self = element._self; // Source is preserved since cloneElement is unlikely to be targeted by a\n      // transpiler, and the original source is probably a better indicator of the\n      // true owner.\n\n      var source = element._source; // Owner will be preserved, unless ref is overridden\n\n      var owner = element._owner;\n\n      if (config != null) {\n        if (hasValidRef(config)) {\n          // Silently steal the ref from the parent.\n          ref = config.ref;\n          owner = ReactCurrentOwner.current;\n        }\n\n        if (hasValidKey(config)) {\n          key = '' + config.key;\n        } // Remaining properties override existing props\n\n\n        var defaultProps;\n\n        if (element.type && element.type.defaultProps) {\n          defaultProps = element.type.defaultProps;\n        }\n\n        for (propName in config) {\n          if (hasOwnProperty.call(config, propName) && !RESERVED_PROPS.hasOwnProperty(propName)) {\n            if (config[propName] === undefined && defaultProps !== undefined) {\n              // Resolve default props\n              props[propName] = defaultProps[propName];\n            } else {\n              props[propName] = config[propName];\n            }\n          }\n        }\n      } // Children can be more than one argument, and those are transferred onto\n      // the newly allocated props object.\n\n\n      var childrenLength = arguments.length - 2;\n\n      if (childrenLength === 1) {\n        props.children = children;\n      } else if (childrenLength > 1) {\n        var childArray = Array(childrenLength);\n\n        for (var i = 0; i < childrenLength; i++) {\n          childArray[i] = arguments[i + 2];\n        }\n\n        props.children = childArray;\n      }\n\n      return ReactElement(element.type, key, ref, self, source, owner, props);\n    }\n    /**\n     * Verifies the object is a ReactElement.\n     * See https://reactjs.org/docs/react-api.html#isvalidelement\n     * @param {?object} object\n     * @return {boolean} True if `object` is a ReactElement.\n     * @final\n     */\n\n\n    function isValidElement(object) {\n      return typeof object === 'object' && object !== null && object.$$typeof === REACT_ELEMENT_TYPE;\n    }\n\n    var SEPARATOR = '.';\n    var SUBSEPARATOR = ':';\n    /**\n     * Escape and wrap key so it is safe to use as a reactid\n     *\n     * @param {string} key to be escaped.\n     * @return {string} the escaped key.\n     */\n\n    function escape(key) {\n      var escapeRegex = /[=:]/g;\n      var escaperLookup = {\n        '=': '=0',\n        ':': '=2'\n      };\n      var escapedString = key.replace(escapeRegex, function (match) {\n        return escaperLookup[match];\n      });\n      return '$' + escapedString;\n    }\n    /**\n     * TODO: Test that a single child and an array with one item have the same key\n     * pattern.\n     */\n\n\n    var didWarnAboutMaps = false;\n    var userProvidedKeyEscapeRegex = /\\/+/g;\n\n    function escapeUserProvidedKey(text) {\n      return text.replace(userProvidedKeyEscapeRegex, '$&/');\n    }\n    /**\n     * Generate a key string that identifies a element within a set.\n     *\n     * @param {*} element A element that could contain a manual key.\n     * @param {number} index Index that is used if a manual key is not provided.\n     * @return {string}\n     */\n\n\n    function getElementKey(element, index) {\n      // Do some typechecking here since we call this blindly. We want to ensure\n      // that we don't block potential future ES APIs.\n      if (typeof element === 'object' && element !== null && element.key != null) {\n        // Explicit key\n        return escape('' + element.key);\n      } // Implicit key determined by the index in the set\n\n\n      return index.toString(36);\n    }\n\n    function mapIntoArray(children, array, escapedPrefix, nameSoFar, callback) {\n      var type = typeof children;\n\n      if (type === 'undefined' || type === 'boolean') {\n        // All of the above are perceived as null.\n        children = null;\n      }\n\n      var invokeCallback = false;\n\n      if (children === null) {\n        invokeCallback = true;\n      } else {\n        switch (type) {\n          case 'string':\n          case 'number':\n            invokeCallback = true;\n            break;\n\n          case 'object':\n            switch (children.$$typeof) {\n              case REACT_ELEMENT_TYPE:\n              case REACT_PORTAL_TYPE:\n                invokeCallback = true;\n            }\n\n        }\n      }\n\n      if (invokeCallback) {\n        var _child = children;\n        var mappedChild = callback(_child); // If it's the only child, treat the name as if it was wrapped in an array\n        // so that it's consistent if the number of children grows:\n\n        var childKey = nameSoFar === '' ? SEPARATOR + getElementKey(_child, 0) : nameSoFar;\n\n        if (Array.isArray(mappedChild)) {\n          var escapedChildKey = '';\n\n          if (childKey != null) {\n            escapedChildKey = escapeUserProvidedKey(childKey) + '/';\n          }\n\n          mapIntoArray(mappedChild, array, escapedChildKey, '', function (c) {\n            return c;\n          });\n        } else if (mappedChild != null) {\n          if (isValidElement(mappedChild)) {\n            mappedChild = cloneAndReplaceKey(mappedChild, // Keep both the (mapped) and old keys if they differ, just as\n            // traverseAllChildren used to do for objects as children\n            escapedPrefix + ( // $FlowFixMe Flow incorrectly thinks React.Portal doesn't have a key\n            mappedChild.key && (!_child || _child.key !== mappedChild.key) ? // $FlowFixMe Flow incorrectly thinks existing element's key can be a number\n            escapeUserProvidedKey('' + mappedChild.key) + '/' : '') + childKey);\n          }\n\n          array.push(mappedChild);\n        }\n\n        return 1;\n      }\n\n      var child;\n      var nextName;\n      var subtreeCount = 0; // Count of children found in the current subtree.\n\n      var nextNamePrefix = nameSoFar === '' ? SEPARATOR : nameSoFar + SUBSEPARATOR;\n\n      if (Array.isArray(children)) {\n        for (var i = 0; i < children.length; i++) {\n          child = children[i];\n          nextName = nextNamePrefix + getElementKey(child, i);\n          subtreeCount += mapIntoArray(child, array, escapedPrefix, nextName, callback);\n        }\n      } else {\n        var iteratorFn = getIteratorFn(children);\n\n        if (typeof iteratorFn === 'function') {\n          var iterableChildren = children;\n          {\n            // Warn about using Maps as children\n            if (iteratorFn === iterableChildren.entries) {\n              if (!didWarnAboutMaps) {\n                warn('Using Maps as children is not supported. ' + 'Use an array of keyed ReactElements instead.');\n              }\n\n              didWarnAboutMaps = true;\n            }\n          }\n          var iterator = iteratorFn.call(iterableChildren);\n          var step;\n          var ii = 0;\n\n          while (!(step = iterator.next()).done) {\n            child = step.value;\n            nextName = nextNamePrefix + getElementKey(child, ii++);\n            subtreeCount += mapIntoArray(child, array, escapedPrefix, nextName, callback);\n          }\n        } else if (type === 'object') {\n          var childrenString = '' + children;\n          {\n            {\n              throw Error(\"Objects are not valid as a React child (found: \" + (childrenString === '[object Object]' ? 'object with keys {' + Object.keys(children).join(', ') + '}' : childrenString) + \"). If you meant to render a collection of children, use an array instead.\");\n            }\n          }\n        }\n      }\n\n      return subtreeCount;\n    }\n    /**\n     * Maps children that are typically specified as `props.children`.\n     *\n     * See https://reactjs.org/docs/react-api.html#reactchildrenmap\n     *\n     * The provided mapFunction(child, index) will be called for each\n     * leaf child.\n     *\n     * @param {?*} children Children tree container.\n     * @param {function(*, int)} func The map function.\n     * @param {*} context Context for mapFunction.\n     * @return {object} Object containing the ordered map of results.\n     */\n\n\n    function mapChildren(children, func, context) {\n      if (children == null) {\n        return children;\n      }\n\n      var result = [];\n      var count = 0;\n      mapIntoArray(children, result, '', '', function (child) {\n        return func.call(context, child, count++);\n      });\n      return result;\n    }\n    /**\n     * Count the number of children that are typically specified as\n     * `props.children`.\n     *\n     * See https://reactjs.org/docs/react-api.html#reactchildrencount\n     *\n     * @param {?*} children Children tree container.\n     * @return {number} The number of children.\n     */\n\n\n    function countChildren(children) {\n      var n = 0;\n      mapChildren(children, function () {\n        n++; // Don't return anything\n      });\n      return n;\n    }\n    /**\n     * Iterates through children that are typically specified as `props.children`.\n     *\n     * See https://reactjs.org/docs/react-api.html#reactchildrenforeach\n     *\n     * The provided forEachFunc(child, index) will be called for each\n     * leaf child.\n     *\n     * @param {?*} children Children tree container.\n     * @param {function(*, int)} forEachFunc\n     * @param {*} forEachContext Context for forEachContext.\n     */\n\n\n    function forEachChildren(children, forEachFunc, forEachContext) {\n      mapChildren(children, function () {\n        forEachFunc.apply(this, arguments); // Don't return anything.\n      }, forEachContext);\n    }\n    /**\n     * Flatten a children object (typically specified as `props.children`) and\n     * return an array with appropriately re-keyed children.\n     *\n     * See https://reactjs.org/docs/react-api.html#reactchildrentoarray\n     */\n\n\n    function toArray(children) {\n      return mapChildren(children, function (child) {\n        return child;\n      }) || [];\n    }\n    /**\n     * Returns the first child in a collection of children and verifies that there\n     * is only one child in the collection.\n     *\n     * See https://reactjs.org/docs/react-api.html#reactchildrenonly\n     *\n     * The current implementation of this function assumes that a single child gets\n     * passed without a wrapper, but the purpose of this helper function is to\n     * abstract away the particular structure of children.\n     *\n     * @param {?object} children Child collection structure.\n     * @return {ReactElement} The first and only `ReactElement` contained in the\n     * structure.\n     */\n\n\n    function onlyChild(children) {\n      if (!isValidElement(children)) {\n        {\n          throw Error(\"React.Children.only expected to receive a single React element child.\");\n        }\n      }\n\n      return children;\n    }\n\n    function createContext(defaultValue, calculateChangedBits) {\n      if (calculateChangedBits === undefined) {\n        calculateChangedBits = null;\n      } else {\n        {\n          if (calculateChangedBits !== null && typeof calculateChangedBits !== 'function') {\n            error('createContext: Expected the optional second argument to be a ' + 'function. Instead received: %s', calculateChangedBits);\n          }\n        }\n      }\n\n      var context = {\n        $$typeof: REACT_CONTEXT_TYPE,\n        _calculateChangedBits: calculateChangedBits,\n        // As a workaround to support multiple concurrent renderers, we categorize\n        // some renderers as primary and others as secondary. We only expect\n        // there to be two concurrent renderers at most: React Native (primary) and\n        // Fabric (secondary); React DOM (primary) and React ART (secondary).\n        // Secondary renderers store their context values on separate fields.\n        _currentValue: defaultValue,\n        _currentValue2: defaultValue,\n        // Used to track how many concurrent renderers this context currently\n        // supports within in a single renderer. Such as parallel server rendering.\n        _threadCount: 0,\n        // These are circular\n        Provider: null,\n        Consumer: null\n      };\n      context.Provider = {\n        $$typeof: REACT_PROVIDER_TYPE,\n        _context: context\n      };\n      var hasWarnedAboutUsingNestedContextConsumers = false;\n      var hasWarnedAboutUsingConsumerProvider = false;\n      var hasWarnedAboutDisplayNameOnConsumer = false;\n      {\n        // A separate object, but proxies back to the original context object for\n        // backwards compatibility. It has a different $$typeof, so we can properly\n        // warn for the incorrect usage of Context as a Consumer.\n        var Consumer = {\n          $$typeof: REACT_CONTEXT_TYPE,\n          _context: context,\n          _calculateChangedBits: context._calculateChangedBits\n        }; // $FlowFixMe: Flow complains about not setting a value, which is intentional here\n\n        Object.defineProperties(Consumer, {\n          Provider: {\n            get: function () {\n              if (!hasWarnedAboutUsingConsumerProvider) {\n                hasWarnedAboutUsingConsumerProvider = true;\n                error('Rendering <Context.Consumer.Provider> is not supported and will be removed in ' + 'a future major release. Did you mean to render <Context.Provider> instead?');\n              }\n\n              return context.Provider;\n            },\n            set: function (_Provider) {\n              context.Provider = _Provider;\n            }\n          },\n          _currentValue: {\n            get: function () {\n              return context._currentValue;\n            },\n            set: function (_currentValue) {\n              context._currentValue = _currentValue;\n            }\n          },\n          _currentValue2: {\n            get: function () {\n              return context._currentValue2;\n            },\n            set: function (_currentValue2) {\n              context._currentValue2 = _currentValue2;\n            }\n          },\n          _threadCount: {\n            get: function () {\n              return context._threadCount;\n            },\n            set: function (_threadCount) {\n              context._threadCount = _threadCount;\n            }\n          },\n          Consumer: {\n            get: function () {\n              if (!hasWarnedAboutUsingNestedContextConsumers) {\n                hasWarnedAboutUsingNestedContextConsumers = true;\n                error('Rendering <Context.Consumer.Consumer> is not supported and will be removed in ' + 'a future major release. Did you mean to render <Context.Consumer> instead?');\n              }\n\n              return context.Consumer;\n            }\n          },\n          displayName: {\n            get: function () {\n              return context.displayName;\n            },\n            set: function (displayName) {\n              if (!hasWarnedAboutDisplayNameOnConsumer) {\n                warn('Setting `displayName` on Context.Consumer has no effect. ' + \"You should set it directly on the context with Context.displayName = '%s'.\", displayName);\n                hasWarnedAboutDisplayNameOnConsumer = true;\n              }\n            }\n          }\n        }); // $FlowFixMe: Flow complains about missing properties because it doesn't understand defineProperty\n\n        context.Consumer = Consumer;\n      }\n      {\n        context._currentRenderer = null;\n        context._currentRenderer2 = null;\n      }\n      return context;\n    }\n\n    var Uninitialized = -1;\n    var Pending = 0;\n    var Resolved = 1;\n    var Rejected = 2;\n\n    function lazyInitializer(payload) {\n      if (payload._status === Uninitialized) {\n        var ctor = payload._result;\n        var thenable = ctor(); // Transition to the next state.\n\n        var pending = payload;\n        pending._status = Pending;\n        pending._result = thenable;\n        thenable.then(function (moduleObject) {\n          if (payload._status === Pending) {\n            var defaultExport = moduleObject.default;\n            {\n              if (defaultExport === undefined) {\n                error('lazy: Expected the result of a dynamic import() call. ' + 'Instead received: %s\\n\\nYour code should look like: \\n  ' + // Break up imports to avoid accidentally parsing them as dependencies.\n                'const MyComponent = lazy(() => imp' + \"ort('./MyComponent'))\", moduleObject);\n              }\n            } // Transition to the next state.\n\n            var resolved = payload;\n            resolved._status = Resolved;\n            resolved._result = defaultExport;\n          }\n        }, function (error) {\n          if (payload._status === Pending) {\n            // Transition to the next state.\n            var rejected = payload;\n            rejected._status = Rejected;\n            rejected._result = error;\n          }\n        });\n      }\n\n      if (payload._status === Resolved) {\n        return payload._result;\n      } else {\n        throw payload._result;\n      }\n    }\n\n    function lazy(ctor) {\n      var payload = {\n        // We use these fields to store the result.\n        _status: -1,\n        _result: ctor\n      };\n      var lazyType = {\n        $$typeof: REACT_LAZY_TYPE,\n        _payload: payload,\n        _init: lazyInitializer\n      };\n      {\n        // In production, this would just set it on the object.\n        var defaultProps;\n        var propTypes; // $FlowFixMe\n\n        Object.defineProperties(lazyType, {\n          defaultProps: {\n            configurable: true,\n            get: function () {\n              return defaultProps;\n            },\n            set: function (newDefaultProps) {\n              error('React.lazy(...): It is not supported to assign `defaultProps` to ' + 'a lazy component import. Either specify them where the component ' + 'is defined, or create a wrapping component around it.');\n              defaultProps = newDefaultProps; // Match production behavior more closely:\n              // $FlowFixMe\n\n              Object.defineProperty(lazyType, 'defaultProps', {\n                enumerable: true\n              });\n            }\n          },\n          propTypes: {\n            configurable: true,\n            get: function () {\n              return propTypes;\n            },\n            set: function (newPropTypes) {\n              error('React.lazy(...): It is not supported to assign `propTypes` to ' + 'a lazy component import. Either specify them where the component ' + 'is defined, or create a wrapping component around it.');\n              propTypes = newPropTypes; // Match production behavior more closely:\n              // $FlowFixMe\n\n              Object.defineProperty(lazyType, 'propTypes', {\n                enumerable: true\n              });\n            }\n          }\n        });\n      }\n      return lazyType;\n    }\n\n    function forwardRef(render) {\n      {\n        if (render != null && render.$$typeof === REACT_MEMO_TYPE) {\n          error('forwardRef requires a render function but received a `memo` ' + 'component. Instead of forwardRef(memo(...)), use ' + 'memo(forwardRef(...)).');\n        } else if (typeof render !== 'function') {\n          error('forwardRef requires a render function but was given %s.', render === null ? 'null' : typeof render);\n        } else {\n          if (render.length !== 0 && render.length !== 2) {\n            error('forwardRef render functions accept exactly two parameters: props and ref. %s', render.length === 1 ? 'Did you forget to use the ref parameter?' : 'Any additional parameter will be undefined.');\n          }\n        }\n\n        if (render != null) {\n          if (render.defaultProps != null || render.propTypes != null) {\n            error('forwardRef render functions do not support propTypes or defaultProps. ' + 'Did you accidentally pass a React component?');\n          }\n        }\n      }\n      var elementType = {\n        $$typeof: REACT_FORWARD_REF_TYPE,\n        render: render\n      };\n      {\n        var ownName;\n        Object.defineProperty(elementType, 'displayName', {\n          enumerable: false,\n          configurable: true,\n          get: function () {\n            return ownName;\n          },\n          set: function (name) {\n            ownName = name;\n\n            if (render.displayName == null) {\n              render.displayName = name;\n            }\n          }\n        });\n      }\n      return elementType;\n    } // Filter certain DOM attributes (e.g. src, href) if their values are empty strings.\n\n\n    var enableScopeAPI = false; // Experimental Create Event Handle API.\n\n    function isValidElementType(type) {\n      if (typeof type === 'string' || typeof type === 'function') {\n        return true;\n      } // Note: typeof might be other than 'symbol' or 'number' (e.g. if it's a polyfill).\n\n\n      if (type === exports.Fragment || type === exports.Profiler || type === REACT_DEBUG_TRACING_MODE_TYPE || type === exports.StrictMode || type === exports.Suspense || type === REACT_SUSPENSE_LIST_TYPE || type === REACT_LEGACY_HIDDEN_TYPE || enableScopeAPI) {\n        return true;\n      }\n\n      if (typeof type === 'object' && type !== null) {\n        if (type.$$typeof === REACT_LAZY_TYPE || type.$$typeof === REACT_MEMO_TYPE || type.$$typeof === REACT_PROVIDER_TYPE || type.$$typeof === REACT_CONTEXT_TYPE || type.$$typeof === REACT_FORWARD_REF_TYPE || type.$$typeof === REACT_FUNDAMENTAL_TYPE || type.$$typeof === REACT_BLOCK_TYPE || type[0] === REACT_SERVER_BLOCK_TYPE) {\n          return true;\n        }\n      }\n\n      return false;\n    }\n\n    function memo(type, compare) {\n      {\n        if (!isValidElementType(type)) {\n          error('memo: The first argument must be a component. Instead ' + 'received: %s', type === null ? 'null' : typeof type);\n        }\n      }\n      var elementType = {\n        $$typeof: REACT_MEMO_TYPE,\n        type: type,\n        compare: compare === undefined ? null : compare\n      };\n      {\n        var ownName;\n        Object.defineProperty(elementType, 'displayName', {\n          enumerable: false,\n          configurable: true,\n          get: function () {\n            return ownName;\n          },\n          set: function (name) {\n            ownName = name;\n\n            if (type.displayName == null) {\n              type.displayName = name;\n            }\n          }\n        });\n      }\n      return elementType;\n    }\n\n    function resolveDispatcher() {\n      var dispatcher = ReactCurrentDispatcher.current;\n\n      if (!(dispatcher !== null)) {\n        {\n          throw Error(\"Invalid hook call. Hooks can only be called inside of the body of a function component. This could happen for one of the following reasons:\\n1. You might have mismatching versions of React and the renderer (such as React DOM)\\n2. You might be breaking the Rules of Hooks\\n3. You might have more than one copy of React in the same app\\nSee https://reactjs.org/link/invalid-hook-call for tips about how to debug and fix this problem.\");\n        }\n      }\n\n      return dispatcher;\n    }\n\n    function useContext(Context, unstable_observedBits) {\n      var dispatcher = resolveDispatcher();\n      {\n        if (unstable_observedBits !== undefined) {\n          error('useContext() second argument is reserved for future ' + 'use in React. Passing it is not supported. ' + 'You passed: %s.%s', unstable_observedBits, typeof unstable_observedBits === 'number' && Array.isArray(arguments[2]) ? '\\n\\nDid you call array.map(useContext)? ' + 'Calling Hooks inside a loop is not supported. ' + 'Learn more at https://reactjs.org/link/rules-of-hooks' : '');\n        } // TODO: add a more generic warning for invalid values.\n\n\n        if (Context._context !== undefined) {\n          var realContext = Context._context; // Don't deduplicate because this legitimately causes bugs\n          // and nobody should be using this in existing code.\n\n          if (realContext.Consumer === Context) {\n            error('Calling useContext(Context.Consumer) is not supported, may cause bugs, and will be ' + 'removed in a future major release. Did you mean to call useContext(Context) instead?');\n          } else if (realContext.Provider === Context) {\n            error('Calling useContext(Context.Provider) is not supported. ' + 'Did you mean to call useContext(Context) instead?');\n          }\n        }\n      }\n      return dispatcher.useContext(Context, unstable_observedBits);\n    }\n\n    function useState(initialState) {\n      var dispatcher = resolveDispatcher();\n      return dispatcher.useState(initialState);\n    }\n\n    function useReducer(reducer, initialArg, init) {\n      var dispatcher = resolveDispatcher();\n      return dispatcher.useReducer(reducer, initialArg, init);\n    }\n\n    function useRef(initialValue) {\n      var dispatcher = resolveDispatcher();\n      return dispatcher.useRef(initialValue);\n    }\n\n    function useEffect(create, deps) {\n      var dispatcher = resolveDispatcher();\n      return dispatcher.useEffect(create, deps);\n    }\n\n    function useLayoutEffect(create, deps) {\n      var dispatcher = resolveDispatcher();\n      return dispatcher.useLayoutEffect(create, deps);\n    }\n\n    function useCallback(callback, deps) {\n      var dispatcher = resolveDispatcher();\n      return dispatcher.useCallback(callback, deps);\n    }\n\n    function useMemo(create, deps) {\n      var dispatcher = resolveDispatcher();\n      return dispatcher.useMemo(create, deps);\n    }\n\n    function useImperativeHandle(ref, create, deps) {\n      var dispatcher = resolveDispatcher();\n      return dispatcher.useImperativeHandle(ref, create, deps);\n    }\n\n    function useDebugValue(value, formatterFn) {\n      {\n        var dispatcher = resolveDispatcher();\n        return dispatcher.useDebugValue(value, formatterFn);\n      }\n    } // Helpers to patch console.logs to avoid logging during side-effect free\n    // replaying on render function. This currently only patches the object\n    // lazily which won't cover if the log function was extracted eagerly.\n    // We could also eagerly patch the method.\n\n\n    var disabledDepth = 0;\n    var prevLog;\n    var prevInfo;\n    var prevWarn;\n    var prevError;\n    var prevGroup;\n    var prevGroupCollapsed;\n    var prevGroupEnd;\n\n    function disabledLog() {}\n\n    disabledLog.__reactDisabledLog = true;\n\n    function disableLogs() {\n      {\n        if (disabledDepth === 0) {\n          /* eslint-disable react-internal/no-production-logging */\n          prevLog = console.log;\n          prevInfo = console.info;\n          prevWarn = console.warn;\n          prevError = console.error;\n          prevGroup = console.group;\n          prevGroupCollapsed = console.groupCollapsed;\n          prevGroupEnd = console.groupEnd; // https://github.com/facebook/react/issues/19099\n\n          var props = {\n            configurable: true,\n            enumerable: true,\n            value: disabledLog,\n            writable: true\n          }; // $FlowFixMe Flow thinks console is immutable.\n\n          Object.defineProperties(console, {\n            info: props,\n            log: props,\n            warn: props,\n            error: props,\n            group: props,\n            groupCollapsed: props,\n            groupEnd: props\n          });\n          /* eslint-enable react-internal/no-production-logging */\n        }\n\n        disabledDepth++;\n      }\n    }\n\n    function reenableLogs() {\n      {\n        disabledDepth--;\n\n        if (disabledDepth === 0) {\n          /* eslint-disable react-internal/no-production-logging */\n          var props = {\n            configurable: true,\n            enumerable: true,\n            writable: true\n          }; // $FlowFixMe Flow thinks console is immutable.\n\n          Object.defineProperties(console, {\n            log: _assign({}, props, {\n              value: prevLog\n            }),\n            info: _assign({}, props, {\n              value: prevInfo\n            }),\n            warn: _assign({}, props, {\n              value: prevWarn\n            }),\n            error: _assign({}, props, {\n              value: prevError\n            }),\n            group: _assign({}, props, {\n              value: prevGroup\n            }),\n            groupCollapsed: _assign({}, props, {\n              value: prevGroupCollapsed\n            }),\n            groupEnd: _assign({}, props, {\n              value: prevGroupEnd\n            })\n          });\n          /* eslint-enable react-internal/no-production-logging */\n        }\n\n        if (disabledDepth < 0) {\n          error('disabledDepth fell below zero. ' + 'This is a bug in React. Please file an issue.');\n        }\n      }\n    }\n\n    var ReactCurrentDispatcher$1 = ReactSharedInternals.ReactCurrentDispatcher;\n    var prefix;\n\n    function describeBuiltInComponentFrame(name, source, ownerFn) {\n      {\n        if (prefix === undefined) {\n          // Extract the VM specific prefix used by each line.\n          try {\n            throw Error();\n          } catch (x) {\n            var match = x.stack.trim().match(/\\n( *(at )?)/);\n            prefix = match && match[1] || '';\n          }\n        } // We use the prefix to ensure our stacks line up with native stack frames.\n\n\n        return '\\n' + prefix + name;\n      }\n    }\n\n    var reentry = false;\n    var componentFrameCache;\n    {\n      var PossiblyWeakMap = typeof WeakMap === 'function' ? WeakMap : Map;\n      componentFrameCache = new PossiblyWeakMap();\n    }\n\n    function describeNativeComponentFrame(fn, construct) {\n      // If something asked for a stack inside a fake render, it should get ignored.\n      if (!fn || reentry) {\n        return '';\n      }\n\n      {\n        var frame = componentFrameCache.get(fn);\n\n        if (frame !== undefined) {\n          return frame;\n        }\n      }\n      var control;\n      reentry = true;\n      var previousPrepareStackTrace = Error.prepareStackTrace; // $FlowFixMe It does accept undefined.\n\n      Error.prepareStackTrace = undefined;\n      var previousDispatcher;\n      {\n        previousDispatcher = ReactCurrentDispatcher$1.current; // Set the dispatcher in DEV because this might be call in the render function\n        // for warnings.\n\n        ReactCurrentDispatcher$1.current = null;\n        disableLogs();\n      }\n\n      try {\n        // This should throw.\n        if (construct) {\n          // Something should be setting the props in the constructor.\n          var Fake = function () {\n            throw Error();\n          }; // $FlowFixMe\n\n\n          Object.defineProperty(Fake.prototype, 'props', {\n            set: function () {\n              // We use a throwing setter instead of frozen or non-writable props\n              // because that won't throw in a non-strict mode function.\n              throw Error();\n            }\n          });\n\n          if (typeof Reflect === 'object' && Reflect.construct) {\n            // We construct a different control for this case to include any extra\n            // frames added by the construct call.\n            try {\n              Reflect.construct(Fake, []);\n            } catch (x) {\n              control = x;\n            }\n\n            Reflect.construct(fn, [], Fake);\n          } else {\n            try {\n              Fake.call();\n            } catch (x) {\n              control = x;\n            }\n\n            fn.call(Fake.prototype);\n          }\n        } else {\n          try {\n            throw Error();\n          } catch (x) {\n            control = x;\n          }\n\n          fn();\n        }\n      } catch (sample) {\n        // This is inlined manually because closure doesn't do it for us.\n        if (sample && control && typeof sample.stack === 'string') {\n          // This extracts the first frame from the sample that isn't also in the control.\n          // Skipping one frame that we assume is the frame that calls the two.\n          var sampleLines = sample.stack.split('\\n');\n          var controlLines = control.stack.split('\\n');\n          var s = sampleLines.length - 1;\n          var c = controlLines.length - 1;\n\n          while (s >= 1 && c >= 0 && sampleLines[s] !== controlLines[c]) {\n            // We expect at least one stack frame to be shared.\n            // Typically this will be the root most one. However, stack frames may be\n            // cut off due to maximum stack limits. In this case, one maybe cut off\n            // earlier than the other. We assume that the sample is longer or the same\n            // and there for cut off earlier. So we should find the root most frame in\n            // the sample somewhere in the control.\n            c--;\n          }\n\n          for (; s >= 1 && c >= 0; s--, c--) {\n            // Next we find the first one that isn't the same which should be the\n            // frame that called our sample function and the control.\n            if (sampleLines[s] !== controlLines[c]) {\n              // In V8, the first line is describing the message but other VMs don't.\n              // If we're about to return the first line, and the control is also on the same\n              // line, that's a pretty good indicator that our sample threw at same line as\n              // the control. I.e. before we entered the sample frame. So we ignore this result.\n              // This can happen if you passed a class to function component, or non-function.\n              if (s !== 1 || c !== 1) {\n                do {\n                  s--;\n                  c--; // We may still have similar intermediate frames from the construct call.\n                  // The next one that isn't the same should be our match though.\n\n                  if (c < 0 || sampleLines[s] !== controlLines[c]) {\n                    // V8 adds a \"new\" prefix for native classes. Let's remove it to make it prettier.\n                    var _frame = '\\n' + sampleLines[s].replace(' at new ', ' at ');\n\n                    {\n                      if (typeof fn === 'function') {\n                        componentFrameCache.set(fn, _frame);\n                      }\n                    } // Return the line we found.\n\n                    return _frame;\n                  }\n                } while (s >= 1 && c >= 0);\n              }\n\n              break;\n            }\n          }\n        }\n      } finally {\n        reentry = false;\n        {\n          ReactCurrentDispatcher$1.current = previousDispatcher;\n          reenableLogs();\n        }\n        Error.prepareStackTrace = previousPrepareStackTrace;\n      } // Fallback to just using the name if we couldn't make it throw.\n\n\n      var name = fn ? fn.displayName || fn.name : '';\n      var syntheticFrame = name ? describeBuiltInComponentFrame(name) : '';\n      {\n        if (typeof fn === 'function') {\n          componentFrameCache.set(fn, syntheticFrame);\n        }\n      }\n      return syntheticFrame;\n    }\n\n    function describeFunctionComponentFrame(fn, source, ownerFn) {\n      {\n        return describeNativeComponentFrame(fn, false);\n      }\n    }\n\n    function shouldConstruct(Component) {\n      var prototype = Component.prototype;\n      return !!(prototype && prototype.isReactComponent);\n    }\n\n    function describeUnknownElementTypeFrameInDEV(type, source, ownerFn) {\n      if (type == null) {\n        return '';\n      }\n\n      if (typeof type === 'function') {\n        {\n          return describeNativeComponentFrame(type, shouldConstruct(type));\n        }\n      }\n\n      if (typeof type === 'string') {\n        return describeBuiltInComponentFrame(type);\n      }\n\n      switch (type) {\n        case exports.Suspense:\n          return describeBuiltInComponentFrame('Suspense');\n\n        case REACT_SUSPENSE_LIST_TYPE:\n          return describeBuiltInComponentFrame('SuspenseList');\n      }\n\n      if (typeof type === 'object') {\n        switch (type.$$typeof) {\n          case REACT_FORWARD_REF_TYPE:\n            return describeFunctionComponentFrame(type.render);\n\n          case REACT_MEMO_TYPE:\n            // Memo may contain any component type so we recursively resolve it.\n            return describeUnknownElementTypeFrameInDEV(type.type, source, ownerFn);\n\n          case REACT_BLOCK_TYPE:\n            return describeFunctionComponentFrame(type._render);\n\n          case REACT_LAZY_TYPE:\n            {\n              var lazyComponent = type;\n              var payload = lazyComponent._payload;\n              var init = lazyComponent._init;\n\n              try {\n                // Lazy may contain any component type so we recursively resolve it.\n                return describeUnknownElementTypeFrameInDEV(init(payload), source, ownerFn);\n              } catch (x) {}\n            }\n        }\n      }\n\n      return '';\n    }\n\n    var loggedTypeFailures = {};\n    var ReactDebugCurrentFrame$1 = ReactSharedInternals.ReactDebugCurrentFrame;\n\n    function setCurrentlyValidatingElement(element) {\n      {\n        if (element) {\n          var owner = element._owner;\n          var stack = describeUnknownElementTypeFrameInDEV(element.type, element._source, owner ? owner.type : null);\n          ReactDebugCurrentFrame$1.setExtraStackFrame(stack);\n        } else {\n          ReactDebugCurrentFrame$1.setExtraStackFrame(null);\n        }\n      }\n    }\n\n    function checkPropTypes(typeSpecs, values, location, componentName, element) {\n      {\n        // $FlowFixMe This is okay but Flow doesn't know it.\n        var has = Function.call.bind(Object.prototype.hasOwnProperty);\n\n        for (var typeSpecName in typeSpecs) {\n          if (has(typeSpecs, typeSpecName)) {\n            var error$1 = void 0; // Prop type validation may throw. In case they do, we don't want to\n            // fail the render phase where it didn't fail before. So we log it.\n            // After these have been cleaned up, we'll let them throw.\n\n            try {\n              // This is intentionally an invariant that gets caught. It's the same\n              // behavior as without this statement except with a better message.\n              if (typeof typeSpecs[typeSpecName] !== 'function') {\n                var err = Error((componentName || 'React class') + ': ' + location + ' type `' + typeSpecName + '` is invalid; ' + 'it must be a function, usually from the `prop-types` package, but received `' + typeof typeSpecs[typeSpecName] + '`.' + 'This often happens because of typos such as `PropTypes.function` instead of `PropTypes.func`.');\n                err.name = 'Invariant Violation';\n                throw err;\n              }\n\n              error$1 = typeSpecs[typeSpecName](values, typeSpecName, componentName, location, null, 'SECRET_DO_NOT_PASS_THIS_OR_YOU_WILL_BE_FIRED');\n            } catch (ex) {\n              error$1 = ex;\n            }\n\n            if (error$1 && !(error$1 instanceof Error)) {\n              setCurrentlyValidatingElement(element);\n              error('%s: type specification of %s' + ' `%s` is invalid; the type checker ' + 'function must return `null` or an `Error` but returned a %s. ' + 'You may have forgotten to pass an argument to the type checker ' + 'creator (arrayOf, instanceOf, objectOf, oneOf, oneOfType, and ' + 'shape all require an argument).', componentName || 'React class', location, typeSpecName, typeof error$1);\n              setCurrentlyValidatingElement(null);\n            }\n\n            if (error$1 instanceof Error && !(error$1.message in loggedTypeFailures)) {\n              // Only monitor this failure once because there tends to be a lot of the\n              // same error.\n              loggedTypeFailures[error$1.message] = true;\n              setCurrentlyValidatingElement(element);\n              error('Failed %s type: %s', location, error$1.message);\n              setCurrentlyValidatingElement(null);\n            }\n          }\n        }\n      }\n    }\n\n    function setCurrentlyValidatingElement$1(element) {\n      {\n        if (element) {\n          var owner = element._owner;\n          var stack = describeUnknownElementTypeFrameInDEV(element.type, element._source, owner ? owner.type : null);\n          setExtraStackFrame(stack);\n        } else {\n          setExtraStackFrame(null);\n        }\n      }\n    }\n\n    var propTypesMisspellWarningShown;\n    {\n      propTypesMisspellWarningShown = false;\n    }\n\n    function getDeclarationErrorAddendum() {\n      if (ReactCurrentOwner.current) {\n        var name = getComponentName(ReactCurrentOwner.current.type);\n\n        if (name) {\n          return '\\n\\nCheck the render method of `' + name + '`.';\n        }\n      }\n\n      return '';\n    }\n\n    function getSourceInfoErrorAddendum(source) {\n      if (source !== undefined) {\n        var fileName = source.fileName.replace(/^.*[\\\\\\/]/, '');\n        var lineNumber = source.lineNumber;\n        return '\\n\\nCheck your code at ' + fileName + ':' + lineNumber + '.';\n      }\n\n      return '';\n    }\n\n    function getSourceInfoErrorAddendumForProps(elementProps) {\n      if (elementProps !== null && elementProps !== undefined) {\n        return getSourceInfoErrorAddendum(elementProps.__source);\n      }\n\n      return '';\n    }\n    /**\n     * Warn if there's no key explicitly set on dynamic arrays of children or\n     * object keys are not valid. This allows us to keep track of children between\n     * updates.\n     */\n\n\n    var ownerHasKeyUseWarning = {};\n\n    function getCurrentComponentErrorInfo(parentType) {\n      var info = getDeclarationErrorAddendum();\n\n      if (!info) {\n        var parentName = typeof parentType === 'string' ? parentType : parentType.displayName || parentType.name;\n\n        if (parentName) {\n          info = \"\\n\\nCheck the top-level render call using <\" + parentName + \">.\";\n        }\n      }\n\n      return info;\n    }\n    /**\n     * Warn if the element doesn't have an explicit key assigned to it.\n     * This element is in an array. The array could grow and shrink or be\n     * reordered. All children that haven't already been validated are required to\n     * have a \"key\" property assigned to it. Error statuses are cached so a warning\n     * will only be shown once.\n     *\n     * @internal\n     * @param {ReactElement} element Element that requires a key.\n     * @param {*} parentType element's parent's type.\n     */\n\n\n    function validateExplicitKey(element, parentType) {\n      if (!element._store || element._store.validated || element.key != null) {\n        return;\n      }\n\n      element._store.validated = true;\n      var currentComponentErrorInfo = getCurrentComponentErrorInfo(parentType);\n\n      if (ownerHasKeyUseWarning[currentComponentErrorInfo]) {\n        return;\n      }\n\n      ownerHasKeyUseWarning[currentComponentErrorInfo] = true; // Usually the current owner is the offender, but if it accepts children as a\n      // property, it may be the creator of the child that's responsible for\n      // assigning it a key.\n\n      var childOwner = '';\n\n      if (element && element._owner && element._owner !== ReactCurrentOwner.current) {\n        // Give the component that originally created this child.\n        childOwner = \" It was passed a child from \" + getComponentName(element._owner.type) + \".\";\n      }\n\n      {\n        setCurrentlyValidatingElement$1(element);\n        error('Each child in a list should have a unique \"key\" prop.' + '%s%s See https://reactjs.org/link/warning-keys for more information.', currentComponentErrorInfo, childOwner);\n        setCurrentlyValidatingElement$1(null);\n      }\n    }\n    /**\n     * Ensure that every element either is passed in a static location, in an\n     * array with an explicit keys property defined, or in an object literal\n     * with valid key property.\n     *\n     * @internal\n     * @param {ReactNode} node Statically passed child of any type.\n     * @param {*} parentType node's parent's type.\n     */\n\n\n    function validateChildKeys(node, parentType) {\n      if (typeof node !== 'object') {\n        return;\n      }\n\n      if (Array.isArray(node)) {\n        for (var i = 0; i < node.length; i++) {\n          var child = node[i];\n\n          if (isValidElement(child)) {\n            validateExplicitKey(child, parentType);\n          }\n        }\n      } else if (isValidElement(node)) {\n        // This element was passed in a valid location.\n        if (node._store) {\n          node._store.validated = true;\n        }\n      } else if (node) {\n        var iteratorFn = getIteratorFn(node);\n\n        if (typeof iteratorFn === 'function') {\n          // Entry iterators used to provide implicit keys,\n          // but now we print a separate warning for them later.\n          if (iteratorFn !== node.entries) {\n            var iterator = iteratorFn.call(node);\n            var step;\n\n            while (!(step = iterator.next()).done) {\n              if (isValidElement(step.value)) {\n                validateExplicitKey(step.value, parentType);\n              }\n            }\n          }\n        }\n      }\n    }\n    /**\n     * Given an element, validate that its props follow the propTypes definition,\n     * provided by the type.\n     *\n     * @param {ReactElement} element\n     */\n\n\n    function validatePropTypes(element) {\n      {\n        var type = element.type;\n\n        if (type === null || type === undefined || typeof type === 'string') {\n          return;\n        }\n\n        var propTypes;\n\n        if (typeof type === 'function') {\n          propTypes = type.propTypes;\n        } else if (typeof type === 'object' && (type.$$typeof === REACT_FORWARD_REF_TYPE || // Note: Memo only checks outer props here.\n        // Inner props are checked in the reconciler.\n        type.$$typeof === REACT_MEMO_TYPE)) {\n          propTypes = type.propTypes;\n        } else {\n          return;\n        }\n\n        if (propTypes) {\n          // Intentionally inside to avoid triggering lazy initializers:\n          var name = getComponentName(type);\n          checkPropTypes(propTypes, element.props, 'prop', name, element);\n        } else if (type.PropTypes !== undefined && !propTypesMisspellWarningShown) {\n          propTypesMisspellWarningShown = true; // Intentionally inside to avoid triggering lazy initializers:\n\n          var _name = getComponentName(type);\n\n          error('Component %s declared `PropTypes` instead of `propTypes`. Did you misspell the property assignment?', _name || 'Unknown');\n        }\n\n        if (typeof type.getDefaultProps === 'function' && !type.getDefaultProps.isReactClassApproved) {\n          error('getDefaultProps is only used on classic React.createClass ' + 'definitions. Use a static property named `defaultProps` instead.');\n        }\n      }\n    }\n    /**\n     * Given a fragment, validate that it can only be provided with fragment props\n     * @param {ReactElement} fragment\n     */\n\n\n    function validateFragmentProps(fragment) {\n      {\n        var keys = Object.keys(fragment.props);\n\n        for (var i = 0; i < keys.length; i++) {\n          var key = keys[i];\n\n          if (key !== 'children' && key !== 'key') {\n            setCurrentlyValidatingElement$1(fragment);\n            error('Invalid prop `%s` supplied to `React.Fragment`. ' + 'React.Fragment can only have `key` and `children` props.', key);\n            setCurrentlyValidatingElement$1(null);\n            break;\n          }\n        }\n\n        if (fragment.ref !== null) {\n          setCurrentlyValidatingElement$1(fragment);\n          error('Invalid attribute `ref` supplied to `React.Fragment`.');\n          setCurrentlyValidatingElement$1(null);\n        }\n      }\n    }\n\n    function createElementWithValidation(type, props, children) {\n      var validType = isValidElementType(type); // We warn in this case but don't throw. We expect the element creation to\n      // succeed and there will likely be errors in render.\n\n      if (!validType) {\n        var info = '';\n\n        if (type === undefined || typeof type === 'object' && type !== null && Object.keys(type).length === 0) {\n          info += ' You likely forgot to export your component from the file ' + \"it's defined in, or you might have mixed up default and named imports.\";\n        }\n\n        var sourceInfo = getSourceInfoErrorAddendumForProps(props);\n\n        if (sourceInfo) {\n          info += sourceInfo;\n        } else {\n          info += getDeclarationErrorAddendum();\n        }\n\n        var typeString;\n\n        if (type === null) {\n          typeString = 'null';\n        } else if (Array.isArray(type)) {\n          typeString = 'array';\n        } else if (type !== undefined && type.$$typeof === REACT_ELEMENT_TYPE) {\n          typeString = \"<\" + (getComponentName(type.type) || 'Unknown') + \" />\";\n          info = ' Did you accidentally export a JSX literal instead of a component?';\n        } else {\n          typeString = typeof type;\n        }\n\n        {\n          error('React.createElement: type is invalid -- expected a string (for ' + 'built-in components) or a class/function (for composite ' + 'components) but got: %s.%s', typeString, info);\n        }\n      }\n\n      var element = createElement.apply(this, arguments); // The result can be nullish if a mock or a custom function is used.\n      // TODO: Drop this when these are no longer allowed as the type argument.\n\n      if (element == null) {\n        return element;\n      } // Skip key warning if the type isn't valid since our key validation logic\n      // doesn't expect a non-string/function type and can throw confusing errors.\n      // We don't want exception behavior to differ between dev and prod.\n      // (Rendering will throw with a helpful message and as soon as the type is\n      // fixed, the key warnings will appear.)\n\n\n      if (validType) {\n        for (var i = 2; i < arguments.length; i++) {\n          validateChildKeys(arguments[i], type);\n        }\n      }\n\n      if (type === exports.Fragment) {\n        validateFragmentProps(element);\n      } else {\n        validatePropTypes(element);\n      }\n\n      return element;\n    }\n\n    var didWarnAboutDeprecatedCreateFactory = false;\n\n    function createFactoryWithValidation(type) {\n      var validatedFactory = createElementWithValidation.bind(null, type);\n      validatedFactory.type = type;\n      {\n        if (!didWarnAboutDeprecatedCreateFactory) {\n          didWarnAboutDeprecatedCreateFactory = true;\n          warn('React.createFactory() is deprecated and will be removed in ' + 'a future major release. Consider using JSX ' + 'or use React.createElement() directly instead.');\n        } // Legacy hook: remove it\n\n\n        Object.defineProperty(validatedFactory, 'type', {\n          enumerable: false,\n          get: function () {\n            warn('Factory.type is deprecated. Access the class directly ' + 'before passing it to createFactory.');\n            Object.defineProperty(this, 'type', {\n              value: type\n            });\n            return type;\n          }\n        });\n      }\n      return validatedFactory;\n    }\n\n    function cloneElementWithValidation(element, props, children) {\n      var newElement = cloneElement.apply(this, arguments);\n\n      for (var i = 2; i < arguments.length; i++) {\n        validateChildKeys(arguments[i], newElement.type);\n      }\n\n      validatePropTypes(newElement);\n      return newElement;\n    }\n\n    {\n      try {\n        var frozenObject = Object.freeze({});\n        /* eslint-disable no-new */\n\n        new Map([[frozenObject, null]]);\n        new Set([frozenObject]);\n        /* eslint-enable no-new */\n      } catch (e) {}\n    }\n    var createElement$1 = createElementWithValidation;\n    var cloneElement$1 = cloneElementWithValidation;\n    var createFactory = createFactoryWithValidation;\n    var Children = {\n      map: mapChildren,\n      forEach: forEachChildren,\n      count: countChildren,\n      toArray: toArray,\n      only: onlyChild\n    };\n    exports.Children = Children;\n    exports.Component = Component;\n    exports.PureComponent = PureComponent;\n    exports.__SECRET_INTERNALS_DO_NOT_USE_OR_YOU_WILL_BE_FIRED = ReactSharedInternals;\n    exports.cloneElement = cloneElement$1;\n    exports.createContext = createContext;\n    exports.createElement = createElement$1;\n    exports.createFactory = createFactory;\n    exports.createRef = createRef;\n    exports.forwardRef = forwardRef;\n    exports.isValidElement = isValidElement;\n    exports.lazy = lazy;\n    exports.memo = memo;\n    exports.useCallback = useCallback;\n    exports.useContext = useContext;\n    exports.useDebugValue = useDebugValue;\n    exports.useEffect = useEffect;\n    exports.useImperativeHandle = useImperativeHandle;\n    exports.useLayoutEffect = useLayoutEffect;\n    exports.useMemo = useMemo;\n    exports.useReducer = useReducer;\n    exports.useRef = useRef;\n    exports.useState = useState;\n    exports.version = ReactVersion;\n  })();\n}"},"sourceMaps":null,"error":null,"hash":"4fb5e877dee306968b3d0fde2530969e","cacheData":{"env":{}}}