{
	"boxes": [
		{
			"isFirstUserBox": true,
			"isProtected": true,
			"isUserBoxes": true,
			"_id": "AAA",
			"x": 62.39863586425781,
			"y": 110.81962585449219,
			"displayName": "app",
			"moduleName": "AAA__ID__app",
			"fileName": "AAA__ID__app.js",
			"slug": "app",
			"inputs": [
				{
					"_id": "main_rID_123",
					"name": "main"
				},
				{
					"_id": "mode_rID_456",
					"name": "mode"
				}
			],
			"userData": []
		},
		{
			"isFirstUserBox": false,
			"isProtected": false,
			"isUserBoxes": true,
			"_id": "_20373994",
			"x": 186.73606872558594,
			"y": 291.38201904296875,
			"displayName": "mesh",
			"moduleName": "mesh__ID___20373994",
			"fileName": "mesh__ID___20373994.js",
			"slug": "mesh",
			"userData": [
				{
					"_id": "_51837271",
					"name": "color",
					"type": "color",
					"color": "#11008f"
				},
				{
					"_id": "_16462727",
					"name": "speed",
					"type": "number",
					"number": -13.8
				}
			],
			"inputs": [
				{
					"_id": "_39203022",
					"name": "main"
				},
				{
					"_id": "_24282020",
					"name": "speed"
				},
				{
					"_id": "_7174901",
					"name": "color"
				},
				{
					"_id": "_86135082",
					"name": "pulse"
				}
			]
		},
		{
			"isFirstUserBox": false,
			"isProtected": false,
			"isUserBoxes": true,
			"_id": "_79058957",
			"x": 333.4533233642578,
			"y": 477.2299499511719,
			"displayName": "material",
			"moduleName": "material__ID___79058957",
			"fileName": "material__ID___79058957.js",
			"slug": "material",
			"userData": [],
			"inputs": [
				{
					"_id": "_32661189",
					"name": "main"
				},
				{
					"_id": "_2901788",
					"name": "speed"
				},
				{
					"_id": "_11375669",
					"name": "color"
				}
			]
		},
		{
			"isFirstUserBox": false,
			"isProtected": false,
			"isUserBoxes": true,
			"_id": "_74115483",
			"x": 84.11009216308594,
			"y": 479.3626403808594,
			"displayName": "geometry",
			"moduleName": "geometry__ID___74115483",
			"fileName": "geometry__ID___74115483.js",
			"slug": "geometry",
			"userData": [],
			"inputs": [
				{
					"_id": "_36733055",
					"name": "main"
				},
				{
					"_id": "_56695",
					"name": "speed"
				},
				{
					"_id": "_49371637",
					"name": "color"
				}
			]
		}
	],
	"cables": [
		{
			"_id": "_38272384",
			"outputBoxID": "AAA",
			"inputBoxID": "_20373994",
			"inputSlotID": "_39203022"
		},
		{
			"_id": "_4114133",
			"outputBoxID": "_20373994",
			"inputBoxID": "_74115483",
			"inputSlotID": "_36733055"
		},
		{
			"_id": "_9989126",
			"outputBoxID": "_20373994",
			"inputBoxID": "_79058957",
			"inputSlotID": "_32661189"
		}
	],
	"slots": []
}