{"id":"entry.js","dependencies":[{"name":"/Users/wonglok/Downloads/aa/a1/package.json","includedInParent":true,"mtime":1612071036692},{"name":"regenerator-runtime/runtime","loc":{"line":1,"column":7},"parent":"/Users/wonglok/Downloads/aa/a1/src/js/entry.js","resolved":"/Users/wonglok/Downloads/aa/a1/node_modules/regenerator-runtime/runtime.js"},{"name":"./boxes/*.js","loc":{"line":2,"column":20},"parent":"/Users/wonglok/Downloads/aa/a1/src/js/entry.js","resolved":"/Users/wonglok/Downloads/aa/a1/src/js/boxes/*.js"},{"name":"lowdb","loc":{"line":3,"column":18},"parent":"/Users/wonglok/Downloads/aa/a1/src/js/entry.js","resolved":"/Users/wonglok/Downloads/aa/a1/node_modules/lowdb/lib/main.js"},{"name":"lowdb/adapters/Base","loc":{"line":4,"column":17},"parent":"/Users/wonglok/Downloads/aa/a1/src/js/entry.js","resolved":"/Users/wonglok/Downloads/aa/a1/node_modules/lowdb/adapters/Base.js"}],"generated":{"js":"\"use strict\";\n\nObject.defineProperty(exports, \"__esModule\", {\n  value: true\n});\nexports.main = main;\nexports.default = exports.onExport = exports.db = void 0;\n\nrequire(\"regenerator-runtime/runtime\");\n\nvar _ = _interopRequireDefault(require(\"./boxes/*.js\"));\n\nvar _lowdb = _interopRequireDefault(require(\"lowdb\"));\n\nvar _Base2 = _interopRequireDefault(require(\"lowdb/adapters/Base\"));\n\nfunction _interopRequireDefault(obj) { return obj && obj.__esModule ? obj : { default: obj }; }\n\nfunction _typeof(obj) { \"@babel/helpers - typeof\"; if (typeof Symbol === \"function\" && typeof Symbol.iterator === \"symbol\") { _typeof = function _typeof(obj) { return typeof obj; }; } else { _typeof = function _typeof(obj) { return obj && typeof Symbol === \"function\" && obj.constructor === Symbol && obj !== Symbol.prototype ? \"symbol\" : typeof obj; }; } return _typeof(obj); }\n\nfunction _createForOfIteratorHelper(o, allowArrayLike) { var it; if (typeof Symbol === \"undefined\" || o[Symbol.iterator] == null) { if (Array.isArray(o) || (it = _unsupportedIterableToArray(o)) || allowArrayLike && o && typeof o.length === \"number\") { if (it) o = it; var i = 0; var F = function F() {}; return { s: F, n: function n() { if (i >= o.length) return { done: true }; return { done: false, value: o[i++] }; }, e: function e(_e) { throw _e; }, f: F }; } throw new TypeError(\"Invalid attempt to iterate non-iterable instance.\\nIn order to be iterable, non-array objects must have a [Symbol.iterator]() method.\"); } var normalCompletion = true, didErr = false, err; return { s: function s() { it = o[Symbol.iterator](); }, n: function n() { var step = it.next(); normalCompletion = step.done; return step; }, e: function e(_e2) { didErr = true; err = _e2; }, f: function f() { try { if (!normalCompletion && it.return != null) it.return(); } finally { if (didErr) throw err; } } }; }\n\nfunction _unsupportedIterableToArray(o, minLen) { if (!o) return; if (typeof o === \"string\") return _arrayLikeToArray(o, minLen); var n = Object.prototype.toString.call(o).slice(8, -1); if (n === \"Object\" && o.constructor) n = o.constructor.name; if (n === \"Map\" || n === \"Set\") return Array.from(o); if (n === \"Arguments\" || /^(?:Ui|I)nt(?:8|16|32)(?:Clamped)?Array$/.test(n)) return _arrayLikeToArray(o, minLen); }\n\nfunction _arrayLikeToArray(arr, len) { if (len == null || len > arr.length) len = arr.length; for (var i = 0, arr2 = new Array(len); i < len; i++) { arr2[i] = arr[i]; } return arr2; }\n\nfunction asyncGeneratorStep(gen, resolve, reject, _next, _throw, key, arg) { try { var info = gen[key](arg); var value = info.value; } catch (error) { reject(error); return; } if (info.done) { resolve(value); } else { Promise.resolve(value).then(_next, _throw); } }\n\nfunction _asyncToGenerator(fn) { return function () { var self = this, args = arguments; return new Promise(function (resolve, reject) { var gen = fn.apply(self, args); function _next(value) { asyncGeneratorStep(gen, resolve, reject, _next, _throw, \"next\", value); } function _throw(err) { asyncGeneratorStep(gen, resolve, reject, _next, _throw, \"throw\", err); } _next(undefined); }); }; }\n\nfunction _classCallCheck(instance, Constructor) { if (!(instance instanceof Constructor)) { throw new TypeError(\"Cannot call a class as a function\"); } }\n\nfunction _defineProperties(target, props) { for (var i = 0; i < props.length; i++) { var descriptor = props[i]; descriptor.enumerable = descriptor.enumerable || false; descriptor.configurable = true; if (\"value\" in descriptor) descriptor.writable = true; Object.defineProperty(target, descriptor.key, descriptor); } }\n\nfunction _createClass(Constructor, protoProps, staticProps) { if (protoProps) _defineProperties(Constructor.prototype, protoProps); if (staticProps) _defineProperties(Constructor, staticProps); return Constructor; }\n\nfunction _inherits(subClass, superClass) { if (typeof superClass !== \"function\" && superClass !== null) { throw new TypeError(\"Super expression must either be null or a function\"); } subClass.prototype = Object.create(superClass && superClass.prototype, { constructor: { value: subClass, writable: true, configurable: true } }); if (superClass) _setPrototypeOf(subClass, superClass); }\n\nfunction _setPrototypeOf(o, p) { _setPrototypeOf = Object.setPrototypeOf || function _setPrototypeOf(o, p) { o.__proto__ = p; return o; }; return _setPrototypeOf(o, p); }\n\nfunction _createSuper(Derived) { var hasNativeReflectConstruct = _isNativeReflectConstruct(); return function _createSuperInternal() { var Super = _getPrototypeOf(Derived), result; if (hasNativeReflectConstruct) { var NewTarget = _getPrototypeOf(this).constructor; result = Reflect.construct(Super, arguments, NewTarget); } else { result = Super.apply(this, arguments); } return _possibleConstructorReturn(this, result); }; }\n\nfunction _possibleConstructorReturn(self, call) { if (call && (_typeof(call) === \"object\" || typeof call === \"function\")) { return call; } return _assertThisInitialized(self); }\n\nfunction _assertThisInitialized(self) { if (self === void 0) { throw new ReferenceError(\"this hasn't been initialised - super() hasn't been called\"); } return self; }\n\nfunction _isNativeReflectConstruct() { if (typeof Reflect === \"undefined\" || !Reflect.construct) return false; if (Reflect.construct.sham) return false; if (typeof Proxy === \"function\") return true; try { Date.prototype.toString.call(Reflect.construct(Date, [], function () {})); return true; } catch (e) { return false; } }\n\nfunction _getPrototypeOf(o) { _getPrototypeOf = Object.setPrototypeOf ? Object.getPrototypeOf : function _getPrototypeOf(o) { return o.__proto__ || Object.getPrototypeOf(o); }; return _getPrototypeOf(o); }\n\nvar Memory = /*#__PURE__*/function (_Base) {\n  _inherits(Memory, _Base);\n\n  var _super = _createSuper(Memory);\n\n  function Memory() {\n    _classCallCheck(this, Memory);\n\n    return _super.apply(this, arguments);\n  }\n\n  _createClass(Memory, [{\n    key: \"read\",\n    value: function read() {\n      return this.defaultValue;\n    }\n  }, {\n    key: \"write\",\n    value: function write() {}\n  }]);\n\n  return Memory;\n}(_Base2.default);\n\nvar adapter = new Memory();\nvar db = (0, _lowdb.default)(adapter);\nexports.db = db;\n\nwindow.StreamInput = function (val) {\n  db.setState(val).write();\n  window.dispatchEvent(new CustomEvent(\"refresh-state\", {\n    detail: db.getState()\n  }));\n\n  if (val && val.boxes) {\n    val.boxes.filter(function (b) {\n      return b;\n    }).forEach(function (b) {\n      window.dispatchEvent(new CustomEvent(\"box-refresh\" + b._id, {\n        detail: b\n      }));\n    });\n  }\n};\n\nvar onReadyState = function onReadyState(cb) {\n  var tt = setInterval(function () {\n    var state = db.getState();\n\n    if (state && state.boxes && state.cables) {\n      clearTimeout(tt);\n      cb();\n    }\n  });\n};\n\nfunction MyCore(_ref) {\n  var mounter = _ref.mounter;\n  var globalsMap = new Map();\n  var context = {\n    get: function get(name) {\n      return new Promise(function (resolve) {\n        var tt = setInterval(function () {\n          if (globalsMap.has(name)) {\n            clearInterval(tt);\n            resolve(globalsMap.get(name));\n          }\n        });\n      });\n    },\n    set: function () {\n      var _set = _asyncToGenerator( /*#__PURE__*/regeneratorRuntime.mark(function _callee(name, val) {\n        return regeneratorRuntime.wrap(function _callee$(_context) {\n          while (1) {\n            switch (_context.prev = _context.next) {\n              case 0:\n                globalsMap.set(name, val);\n                return _context.abrupt(\"return\", val);\n\n              case 2:\n              case \"end\":\n                return _context.stop();\n            }\n          }\n        }, _callee);\n      }));\n\n      function set(_x, _x2) {\n        return _set.apply(this, arguments);\n      }\n\n      return set;\n    }()\n  };\n\n  var setupEachBox = function setupEachBox(_ref2) {\n    var box = _ref2.box,\n        boxes = _ref2.boxes,\n        cables = _ref2.cables;\n\n    var inputAt = function inputAt(nameOrIDX) {\n      var inputs = box.inputs;\n      var input = inputs[nameOrIDX];\n\n      if (!input) {\n        input = inputs.find(function (e) {\n          return e.nameOrIDX === nameOrIDX;\n        });\n      }\n\n      if (input) {\n        return {\n          stream: function stream(cb) {\n            var stream = function stream(_ref3) {\n              var detail = _ref3.detail;\n              cb(detail);\n            };\n\n            window.addEventListener(input._id, stream); // eventBus.on(input._id, cb);\n\n            return function () {\n              window.removeEventListener(input._id, stream); // eventBus.off(input._id, cb);\n            };\n          }\n        };\n      } else {\n        console.log(box.moduleName, \"not found input of\", nameOrIDX);\n        return {\n          stream: function stream() {\n            console.log(box.moduleName, \"not found input of\", nameOrIDX);\n            return function () {\n              console.log(box.moduleName, \"not found input of\", nameOrIDX);\n            };\n          }\n        };\n      }\n    };\n\n    var pulse = function pulse(data) {\n      var outCables = cables.filter(function (c) {\n        return c.outputBoxID === box._id;\n      });\n      outCables.forEach(function (cable) {\n        // eventBus.emit(cable.inputSlotID, data);\n        window.dispatchEvent(new CustomEvent(cable.inputSlotID, {\n          detail: data\n        }));\n      });\n    };\n\n    var onBoxChange = function onBoxChange(cb) {\n      var h = function h(_ref4) {\n        var detail = _ref4.detail;\n        cb(detail);\n      };\n\n      window.addEventListener(\"box-refresh\" + box._id, h);\n      setTimeout(function () {\n        window.dispatchEvent(new CustomEvent(\"box-refresh\" + box._id, {\n          detail: box\n        }));\n      }, 1);\n      return function () {\n        window.removeEventListener(\"box-refresh\" + box._id, h);\n      };\n    };\n\n    _.default[box.moduleName].box({\n      onBoxChange: onBoxChange,\n      context: context,\n      domElement: mounter,\n      pulse: pulse,\n      inputAt: inputAt,\n      log: function log(v) {\n        console.log(JSON.stringify(v, null, 4));\n      },\n      graph: _lowdb.default\n    });\n  };\n\n  var runAllModules = function runAllModules() {\n    var boxes = db.getState().boxes;\n    var cables = db.getState().cables;\n\n    var _iterator = _createForOfIteratorHelper(boxes),\n        _step;\n\n    try {\n      for (_iterator.s(); !(_step = _iterator.n()).done;) {\n        var box = _step.value;\n\n        if (box) {\n          setupEachBox({\n            box: box,\n            boxes: boxes,\n            cables: cables\n          });\n          console.log(\"Setup:  \" + box.moduleName);\n        }\n      }\n    } catch (err) {\n      _iterator.e(err);\n    } finally {\n      _iterator.f();\n    }\n\n    console.log(\"Setup: all Done.\");\n  };\n\n  runAllModules();\n  return;\n}\n\nfunction main(_x3) {\n  return _main.apply(this, arguments);\n}\n\nfunction _main() {\n  _main = _asyncToGenerator( /*#__PURE__*/regeneratorRuntime.mark(function _callee2(_ref5) {\n    var mounter, isHydrated, meta;\n    return regeneratorRuntime.wrap(function _callee2$(_context2) {\n      while (1) {\n        switch (_context2.prev = _context2.next) {\n          case 0:\n            mounter = _ref5.mounter;\n            isHydrated = false;\n\n            if (undefined === \"production\") {\n              meta = require(\"./meta.json\");\n              db.setState(meta).write();\n              isHydrated = true;\n            }\n\n            if (!isHydrated) {\n              fetch(\"./dist/js/meta.json\").then(function (res) {\n                return res.json();\n              }).then(function (value) {\n                window.StreamInput(value);\n                onReadyState(function () {\n                  MyCore({\n                    mounter: mounter\n                  });\n                });\n              });\n            } else {\n              onReadyState(function () {\n                MyCore({\n                  mounter: mounter\n                });\n              });\n            }\n\n          case 4:\n          case \"end\":\n            return _context2.stop();\n        }\n      }\n    }, _callee2);\n  }));\n  return _main.apply(this, arguments);\n}\n\nvar onExport = function onExport(v) {\n  window.addEventListener(\"export-object-3d\", v);\n};\n\nexports.onExport = onExport;\nvar _default = main;\nexports.default = _default;"},"sourceMaps":null,"error":null,"hash":"1d86846f516d9024ff54338ce2819cf3","cacheData":{"env":{}}}