{"id":"boxes/mesh__ID___20373994.js","dependencies":[{"name":"/Users/wonglok/Downloads/aa/a1/package.json","includedInParent":true,"mtime":1612071036692},{"name":"react","loc":{"line":14,"column":51},"parent":"/Users/wonglok/Downloads/aa/a1/src/js/boxes/mesh__ID___20373994.js","resolved":"/Users/wonglok/Downloads/aa/a1/node_modules/react/index.js"},{"name":"react-three-fiber","loc":{"line":15,"column":25},"parent":"/Users/wonglok/Downloads/aa/a1/src/js/boxes/mesh__ID___20373994.js","resolved":"/Users/wonglok/Downloads/aa/a1/node_modules/react-three-fiber/web.js"},{"name":"three","loc":{"line":16,"column":22},"parent":"/Users/wonglok/Downloads/aa/a1/src/js/boxes/mesh__ID___20373994.js","resolved":"/Users/wonglok/Downloads/aa/a1/node_modules/three/build/three.module.js"}],"generated":{"js":"\"use strict\";\n\nvar _react = _interopRequireWildcard(require(\"react\"));\n\nvar _reactThreeFiber = require(\"react-three-fiber\");\n\nvar _three = require(\"three\");\n\nfunction _getRequireWildcardCache() { if (typeof WeakMap !== \"function\") return null; var cache = new WeakMap(); _getRequireWildcardCache = function () { return cache; }; return cache; }\n\nfunction _interopRequireWildcard(obj) { if (obj && obj.__esModule) { return obj; } if (obj === null || typeof obj !== \"object\" && typeof obj !== \"function\") { return { default: obj }; } var cache = _getRequireWildcardCache(); if (cache && cache.has(obj)) { return cache.get(obj); } var newObj = {}; var hasPropertyDescriptor = Object.defineProperty && Object.getOwnPropertyDescriptor; for (var key in obj) { if (Object.prototype.hasOwnProperty.call(obj, key)) { var desc = hasPropertyDescriptor ? Object.getOwnPropertyDescriptor(obj, key) : null; if (desc && (desc.get || desc.set)) { Object.defineProperty(newObj, key, desc); } else { newObj[key] = obj[key]; } } } newObj.default = obj; if (cache) { cache.set(obj, newObj); } return newObj; }\n\nfunction asyncGeneratorStep(gen, resolve, reject, _next, _throw, key, arg) { try { var info = gen[key](arg); var value = info.value; } catch (error) { reject(error); return; } if (info.done) { resolve(value); } else { Promise.resolve(value).then(_next, _throw); } }\n\nfunction _asyncToGenerator(fn) { return function () { var self = this, args = arguments; return new Promise(function (resolve, reject) { var gen = fn.apply(self, args); function _next(value) { asyncGeneratorStep(gen, resolve, reject, _next, _throw, \"next\", value); } function _throw(err) { asyncGeneratorStep(gen, resolve, reject, _next, _throw, \"throw\", err); } _next(undefined); }); }; }\n\nfunction _extends() { _extends = Object.assign || function (target) { for (var i = 1; i < arguments.length; i++) { var source = arguments[i]; for (var key in source) { if (Object.prototype.hasOwnProperty.call(source, key)) { target[key] = source[key]; } } } return target; }; return _extends.apply(this, arguments); }\n\nfunction _slicedToArray(arr, i) { return _arrayWithHoles(arr) || _iterableToArrayLimit(arr, i) || _unsupportedIterableToArray(arr, i) || _nonIterableRest(); }\n\nfunction _nonIterableRest() { throw new TypeError(\"Invalid attempt to destructure non-iterable instance.\\nIn order to be iterable, non-array objects must have a [Symbol.iterator]() method.\"); }\n\nfunction _unsupportedIterableToArray(o, minLen) { if (!o) return; if (typeof o === \"string\") return _arrayLikeToArray(o, minLen); var n = Object.prototype.toString.call(o).slice(8, -1); if (n === \"Object\" && o.constructor) n = o.constructor.name; if (n === \"Map\" || n === \"Set\") return Array.from(o); if (n === \"Arguments\" || /^(?:Ui|I)nt(?:8|16|32)(?:Clamped)?Array$/.test(n)) return _arrayLikeToArray(o, minLen); }\n\nfunction _arrayLikeToArray(arr, len) { if (len == null || len > arr.length) len = arr.length; for (var i = 0, arr2 = new Array(len); i < len; i++) { arr2[i] = arr[i]; } return arr2; }\n\nfunction _iterableToArrayLimit(arr, i) { if (typeof Symbol === \"undefined\" || !(Symbol.iterator in Object(arr))) return; var _arr = []; var _n = true; var _d = false; var _e = undefined; try { for (var _i = arr[Symbol.iterator](), _s; !(_n = (_s = _i.next()).done); _n = true) { _arr.push(_s.value); if (i && _arr.length === i) break; } } catch (err) { _d = true; _e = err; } finally { try { if (!_n && _i[\"return\"] != null) _i[\"return\"](); } finally { if (_d) throw _e; } } return _arr; }\n\nfunction _arrayWithHoles(arr) { if (Array.isArray(arr)) return arr; }\n\nfunction GLBox(props) {\n  var onBoxChange = props.onBoxChange;\n  var mesh = (0, _react.useRef)();\n  var mat = (0, _react.useRef)();\n\n  var _useState = (0, _react.useState)(false),\n      _useState2 = _slicedToArray(_useState, 2),\n      hovered = _useState2[0],\n      setHover = _useState2[1];\n\n  var _useState3 = (0, _react.useState)(false),\n      _useState4 = _slicedToArray(_useState3, 2),\n      active = _useState4[0],\n      setActive = _useState4[1];\n\n  (0, _reactThreeFiber.useFrame)(function () {\n    mesh.current.rotation.x = mesh.current.rotation.y += 0.01;\n  });\n  onBoxChange(function (data) {\n    var color = data.userData.find(function (e) {\n      return e.name === \"color\";\n    }).color; // let speed = data.userData.find((e) => e.name === \"speed\").number;\n    // log({ color, speed });\n\n    mat.current.color = new _three.Color(color);\n  });\n  return /*#__PURE__*/_react.default.createElement(\"mesh\", _extends({}, props, {\n    ref: mesh,\n    scale: active ? [1.5, 1.5, 1.5] : [1, 1, 1],\n    onClick: function onClick() {\n      return setActive(!active);\n    },\n    onPointerOver: function onPointerOver() {\n      return setHover(true);\n    },\n    onPointerOut: function onPointerOut() {\n      return setHover(false);\n    }\n  }), /*#__PURE__*/_react.default.createElement(\"boxBufferGeometry\", {\n    args: [1, 1, 1]\n  }), /*#__PURE__*/_react.default.createElement(\"meshStandardMaterial\", {\n    ref: mat\n  }));\n}\n\nmodule.exports.box = /*#__PURE__*/function () {\n  var _ref = _asyncToGenerator( /*#__PURE__*/regeneratorRuntime.mark(function _callee(props) {\n    var box, context, inputAt, pulse, log, onBoxChange, mountFnc, newBox, input0;\n    return regeneratorRuntime.wrap(function _callee$(_context) {\n      while (1) {\n        switch (_context.prev = _context.next) {\n          case 0:\n            box = props.box, context = props.context, inputAt = props.inputAt, pulse = props.pulse, log = props.log, onBoxChange = props.onBoxChange;\n            _context.next = 3;\n            return context.get(\"mount\");\n\n          case 3:\n            mountFnc = _context.sent;\n            newBox = /*#__PURE__*/_react.default.createElement(GLBox, {\n              onBoxChange: onBoxChange,\n              log: log\n            });\n            mountFnc(newBox);\n            input0 = inputAt(0);\n            input0.stream(function (data) {\n              log(data);\n            });\n\n          case 8:\n          case \"end\":\n            return _context.stop();\n        }\n      }\n    }, _callee);\n  }));\n\n  return function (_x) {\n    return _ref.apply(this, arguments);\n  };\n}();"},"sourceMaps":null,"error":null,"hash":"b6d5b364370347d737e9002cb72e94b2","cacheData":{"env":{}}}