{"id":"../../node_modules/lowdb/lib/main.js","dependencies":[{"name":"/Volumes/Data/DataCore/WONGLOK/CodeClients/NewLokLok/effectnode-electron/wonglok-template/package.json","includedInParent":true,"mtime":1612071036692},{"name":"/Volumes/Data/DataCore/WONGLOK/CodeClients/NewLokLok/effectnode-electron/wonglok-template/node_modules/lowdb/package.json","includedInParent":true,"mtime":1606189332996},{"name":"/Volumes/Data/DataCore/WONGLOK/CodeClients/NewLokLok/effectnode-electron/wonglok-template/node_modules/lowdb/.babelrc","includedInParent":true,"mtime":1606189332996},{"name":"lodash","loc":{"line":3,"column":21},"parent":"/Volumes/Data/DataCore/WONGLOK/CodeClients/NewLokLok/effectnode-electron/wonglok-template/node_modules/lowdb/lib/main.js","resolved":"/Volumes/Data/DataCore/WONGLOK/CodeClients/NewLokLok/effectnode-electron/wonglok-template/node_modules/lodash/lodash.js"},{"name":"is-promise","loc":{"line":4,"column":24},"parent":"/Volumes/Data/DataCore/WONGLOK/CodeClients/NewLokLok/effectnode-electron/wonglok-template/node_modules/lowdb/lib/main.js","resolved":"/Volumes/Data/DataCore/WONGLOK/CodeClients/NewLokLok/effectnode-electron/wonglok-template/node_modules/is-promise/index.js"}],"generated":{"js":"'use strict';\n\nfunction _typeof(obj) { \"@babel/helpers - typeof\"; if (typeof Symbol === \"function\" && typeof Symbol.iterator === \"symbol\") { _typeof = function (obj) { return typeof obj; }; } else { _typeof = function (obj) { return obj && typeof Symbol === \"function\" && obj.constructor === Symbol && obj !== Symbol.prototype ? \"symbol\" : typeof obj; }; } return _typeof(obj); }\n\nvar lodash = require('lodash');\n\nvar isPromise = require('is-promise');\n\nmodule.exports = function (adapter) {\n  if (_typeof(adapter) !== 'object') {\n    throw new Error('An adapter must be provided, see https://github.com/typicode/lowdb/#usage');\n  } // Create a fresh copy of lodash\n\n\n  var _ = lodash.runInContext();\n\n  var db = _.chain({}); // Add write function to lodash\n  // Calls save before returning result\n\n\n  _.prototype.write = _.wrap(_.prototype.value, function (func) {\n    var funcRes = func.apply(this);\n    return db.write(funcRes);\n  });\n\n  function plant(state) {\n    db.__wrapped__ = state;\n    return db;\n  } // Lowdb API\n  // Expose _ for mixins\n\n\n  db._ = _;\n\n  db.read = function () {\n    var r = adapter.read();\n    return isPromise(r) ? r.then(plant) : plant(r);\n  };\n\n  db.write = function (returnValue) {\n    var w = adapter.write(db.getState());\n    return isPromise(w) ? w.then(function () {\n      return returnValue;\n    }) : returnValue;\n  };\n\n  db.getState = function () {\n    return db.__wrapped__;\n  };\n\n  db.setState = function (state) {\n    return plant(state);\n  };\n\n  return db.read();\n};"},"sourceMaps":null,"error":null,"hash":"c92f30dee3bf7f7d28faccb16f63500f","cacheData":{"env":{}}}