{"id":"../../node_modules/scheduler/tracing.js","dependencies":[{"name":"/Volumes/Data/DataCore/WONGLOK/CodeClients/NewLokLok/effectnode-electron/wonglok-template/package.json","includedInParent":true,"mtime":1612071036692},{"name":"/Volumes/Data/DataCore/WONGLOK/CodeClients/NewLokLok/effectnode-electron/wonglok-template/node_modules/scheduler/package.json","includedInParent":true,"mtime":1608334535589},{"name":"./cjs/scheduler-tracing.development.js","loc":{"line":6,"column":27},"parent":"/Volumes/Data/DataCore/WONGLOK/CodeClients/NewLokLok/effectnode-electron/wonglok-template/node_modules/scheduler/tracing.js","resolved":"/Volumes/Data/DataCore/WONGLOK/CodeClients/NewLokLok/effectnode-electron/wonglok-template/node_modules/scheduler/cjs/scheduler-tracing.development.js"}],"generated":{"js":"'use strict';\n\nif (undefined === 'production') {\n  module.exports = require('./cjs/scheduler-tracing.production.min.js');\n} else {\n  module.exports = require('./cjs/scheduler-tracing.development.js');\n}"},"sourceMaps":null,"error":null,"hash":"b8d7858189651e0f68e4c60e6c13dad7","cacheData":{"env":{}}}