{"id":"../../node_modules/object-assign/index.js","dependencies":[{"name":"/Volumes/Data/DataCore/WONGLOK/CodeClients/NewLokLok/effectnode-electron/wonglok-template/package.json","includedInParent":true,"mtime":1612071036692},{"name":"/Volumes/Data/DataCore/WONGLOK/CodeClients/NewLokLok/effectnode-electron/wonglok-template/node_modules/object-assign/package.json","includedInParent":true,"mtime":1605817260417}],"generated":{"js":"/*\nobject-assign\n(c) Sindre Sorhus\n@license MIT\n*/\n'use strict';\n/* eslint-disable no-unused-vars */\n\nvar getOwnPropertySymbols = Object.getOwnPropertySymbols;\nvar hasOwnProperty = Object.prototype.hasOwnProperty;\nvar propIsEnumerable = Object.prototype.propertyIsEnumerable;\n\nfunction toObject(val) {\n  if (val === null || val === undefined) {\n    throw new TypeError('Object.assign cannot be called with null or undefined');\n  }\n\n  return Object(val);\n}\n\nfunction shouldUseNative() {\n  try {\n    if (!Object.assign) {\n      return false;\n    } // Detect buggy property enumeration order in older V8 versions.\n    // https://bugs.chromium.org/p/v8/issues/detail?id=4118\n\n\n    var test1 = new String('abc'); // eslint-disable-line no-new-wrappers\n\n    test1[5] = 'de';\n\n    if (Object.getOwnPropertyNames(test1)[0] === '5') {\n      return false;\n    } // https://bugs.chromium.org/p/v8/issues/detail?id=3056\n\n\n    var test2 = {};\n\n    for (var i = 0; i < 10; i++) {\n      test2['_' + String.fromCharCode(i)] = i;\n    }\n\n    var order2 = Object.getOwnPropertyNames(test2).map(function (n) {\n      return test2[n];\n    });\n\n    if (order2.join('') !== '0123456789') {\n      return false;\n    } // https://bugs.chromium.org/p/v8/issues/detail?id=3056\n\n\n    var test3 = {};\n    'abcdefghijklmnopqrst'.split('').forEach(function (letter) {\n      test3[letter] = letter;\n    });\n\n    if (Object.keys(Object.assign({}, test3)).join('') !== 'abcdefghijklmnopqrst') {\n      return false;\n    }\n\n    return true;\n  } catch (err) {\n    // We don't expect any of the above to throw, but better to be safe.\n    return false;\n  }\n}\n\nmodule.exports = shouldUseNative() ? Object.assign : function (target, source) {\n  var from;\n  var to = toObject(target);\n  var symbols;\n\n  for (var s = 1; s < arguments.length; s++) {\n    from = Object(arguments[s]);\n\n    for (var key in from) {\n      if (hasOwnProperty.call(from, key)) {\n        to[key] = from[key];\n      }\n    }\n\n    if (getOwnPropertySymbols) {\n      symbols = getOwnPropertySymbols(from);\n\n      for (var i = 0; i < symbols.length; i++) {\n        if (propIsEnumerable.call(from, symbols[i])) {\n          to[symbols[i]] = from[symbols[i]];\n        }\n      }\n    }\n  }\n\n  return to;\n};"},"sourceMaps":null,"error":null,"hash":"c500210449891cb0888d745beaac3316","cacheData":{"env":{}}}