{"id":"boxes/apple.js","dependencies":[{"name":"/Users/wonglok/Downloads/aa/a1/package.json","includedInParent":true,"mtime":1612044016324},{"name":"moment","loc":{"line":2,"column":19},"parent":"/Users/wonglok/Downloads/aa/a1/src/js/boxes/apple.js","resolved":"/Users/wonglok/Downloads/aa/a1/node_modules/moment/moment.js"}],"generated":{"js":"\"use strict\";\n\nObject.defineProperty(exports, \"__esModule\", {\n  value: true\n});\nexports.default = void 0;\n\nvar _moment = _interopRequireDefault(require(\"moment\"));\n\nfunction _interopRequireDefault(obj) { return obj && obj.__esModule ? obj : { default: obj }; }\n\nvar _default = function _default() {\n  console.log('apple.js', (0, _moment.default)().calendar());\n  return (0, _moment.default)().calendar() + 'apple';\n};\n\nexports.default = _default;"},"sourceMaps":null,"error":null,"hash":"f86a6e6aa651ded4531a324eafcf3ccb","cacheData":{"env":{}}}