{"id":"../../node_modules/scheduler/index.js","dependencies":[{"name":"/Volumes/Data/DataCore/WONGLOK/CodeClients/NewLokLok/effectnode-electron/wonglok-template/package.json","includedInParent":true,"mtime":1612071036692},{"name":"/Volumes/Data/DataCore/WONGLOK/CodeClients/NewLokLok/effectnode-electron/wonglok-template/node_modules/scheduler/package.json","includedInParent":true,"mtime":1608334535589},{"name":"./cjs/scheduler.development.js","loc":{"line":6,"column":27},"parent":"/Volumes/Data/DataCore/WONGLOK/CodeClients/NewLokLok/effectnode-electron/wonglok-template/node_modules/scheduler/index.js","resolved":"/Volumes/Data/DataCore/WONGLOK/CodeClients/NewLokLok/effectnode-electron/wonglok-template/node_modules/scheduler/cjs/scheduler.development.js"}],"generated":{"js":"'use strict';\n\nif (undefined === 'production') {\n  module.exports = require('./cjs/scheduler.production.min.js');\n} else {\n  module.exports = require('./cjs/scheduler.development.js');\n}"},"sourceMaps":null,"error":null,"hash":"a18e01a18f2f391f51e1f12e3830a437","cacheData":{"env":{}}}