{"id":"../../node_modules/regenerator-runtime/runtime.js","dependencies":[{"name":"/Users/wonglok/Downloads/aa/a1/package.json","includedInParent":true,"mtime":1611718168415},{"name":"/Users/wonglok/Downloads/aa/a1/node_modules/regenerator-runtime/package.json","includedInParent":true,"mtime":1611718168404}],"generated":{"js":"var define;\nvar t,r=function(t){\"use strict\";var r,e=Object.prototype,n=e.hasOwnProperty,o=\"function\"==typeof Symbol?Symbol:{},i=o.iterator||\"@@iterator\",a=o.asyncIterator||\"@@asyncIterator\",c=o.toStringTag||\"@@toStringTag\";function u(t,r,e){return Object.defineProperty(t,r,{value:e,enumerable:!0,configurable:!0,writable:!0}),t[r]}try{u({},\"\")}catch(P){u=function(t,r,e){return t[r]=e}}function h(t,r,e,n){var o=r&&r.prototype instanceof d?r:d,i=Object.create(o.prototype),a=new G(n||[]);return i._invoke=function(t,r,e){var n=l;return function(o,i){if(n===p)throw new Error(\"Generator is already running\");if(n===y){if(\"throw\"===o)throw i;return F()}for(e.method=o,e.arg=i;;){var a=e.delegate;if(a){var c=j(a,e);if(c){if(c===v)continue;return c}}if(\"next\"===e.method)e.sent=e._sent=e.arg;else if(\"throw\"===e.method){if(n===l)throw n=y,e.arg;e.dispatchException(e.arg)}else\"return\"===e.method&&e.abrupt(\"return\",e.arg);n=p;var u=f(t,r,e);if(\"normal\"===u.type){if(n=e.done?y:s,u.arg===v)continue;return{value:u.arg,done:e.done}}\"throw\"===u.type&&(n=y,e.method=\"throw\",e.arg=u.arg)}}}(t,e,a),i}function f(t,r,e){try{return{type:\"normal\",arg:t.call(r,e)}}catch(P){return{type:\"throw\",arg:P}}}t.wrap=h;var l=\"suspendedStart\",s=\"suspendedYield\",p=\"executing\",y=\"completed\",v={};function d(){}function g(){}function m(){}var w={};w[i]=function(){return this};var L=Object.getPrototypeOf,x=L&&L(L(N([])));x&&x!==e&&n.call(x,i)&&(w=x);var b=m.prototype=d.prototype=Object.create(w);function E(t){[\"next\",\"throw\",\"return\"].forEach(function(r){u(t,r,function(t){return this._invoke(r,t)})})}function _(t,r){var e;this._invoke=function(o,i){function a(){return new r(function(e,a){!function e(o,i,a,c){var u=f(t[o],t,i);if(\"throw\"!==u.type){var h=u.arg,l=h.value;return l&&\"object\"==typeof l&&n.call(l,\"__await\")?r.resolve(l.__await).then(function(t){e(\"next\",t,a,c)},function(t){e(\"throw\",t,a,c)}):r.resolve(l).then(function(t){h.value=t,a(h)},function(t){return e(\"throw\",t,a,c)})}c(u.arg)}(o,i,e,a)})}return e=e?e.then(a,a):a()}}function j(t,e){var n=t.iterator[e.method];if(n===r){if(e.delegate=null,\"throw\"===e.method){if(t.iterator.return&&(e.method=\"return\",e.arg=r,j(t,e),\"throw\"===e.method))return v;e.method=\"throw\",e.arg=new TypeError(\"The iterator does not provide a 'throw' method\")}return v}var o=f(n,t.iterator,e.arg);if(\"throw\"===o.type)return e.method=\"throw\",e.arg=o.arg,e.delegate=null,v;var i=o.arg;return i?i.done?(e[t.resultName]=i.value,e.next=t.nextLoc,\"return\"!==e.method&&(e.method=\"next\",e.arg=r),e.delegate=null,v):i:(e.method=\"throw\",e.arg=new TypeError(\"iterator result is not an object\"),e.delegate=null,v)}function O(t){var r={tryLoc:t[0]};1 in t&&(r.catchLoc=t[1]),2 in t&&(r.finallyLoc=t[2],r.afterLoc=t[3]),this.tryEntries.push(r)}function k(t){var r=t.completion||{};r.type=\"normal\",delete r.arg,t.completion=r}function G(t){this.tryEntries=[{tryLoc:\"root\"}],t.forEach(O,this),this.reset(!0)}function N(t){if(t){var e=t[i];if(e)return e.call(t);if(\"function\"==typeof t.next)return t;if(!isNaN(t.length)){var o=-1,a=function e(){for(;++o<t.length;)if(n.call(t,o))return e.value=t[o],e.done=!1,e;return e.value=r,e.done=!0,e};return a.next=a}}return{next:F}}function F(){return{value:r,done:!0}}return g.prototype=b.constructor=m,m.constructor=g,g.displayName=u(m,c,\"GeneratorFunction\"),t.isGeneratorFunction=function(t){var r=\"function\"==typeof t&&t.constructor;return!!r&&(r===g||\"GeneratorFunction\"===(r.displayName||r.name))},t.mark=function(t){return Object.setPrototypeOf?Object.setPrototypeOf(t,m):(t.__proto__=m,u(t,c,\"GeneratorFunction\")),t.prototype=Object.create(b),t},t.awrap=function(t){return{__await:t}},E(_.prototype),_.prototype[a]=function(){return this},t.AsyncIterator=_,t.async=function(r,e,n,o,i){void 0===i&&(i=Promise);var a=new _(h(r,e,n,o),i);return t.isGeneratorFunction(e)?a:a.next().then(function(t){return t.done?t.value:a.next()})},E(b),u(b,c,\"Generator\"),b[i]=function(){return this},b.toString=function(){return\"[object Generator]\"},t.keys=function(t){var r=[];for(var e in t)r.push(e);return r.reverse(),function e(){for(;r.length;){var n=r.pop();if(n in t)return e.value=n,e.done=!1,e}return e.done=!0,e}},t.values=N,G.prototype={constructor:G,reset:function(t){if(this.prev=0,this.next=0,this.sent=this._sent=r,this.done=!1,this.delegate=null,this.method=\"next\",this.arg=r,this.tryEntries.forEach(k),!t)for(var e in this)\"t\"===e.charAt(0)&&n.call(this,e)&&!isNaN(+e.slice(1))&&(this[e]=r)},stop:function(){this.done=!0;var t=this.tryEntries[0].completion;if(\"throw\"===t.type)throw t.arg;return this.rval},dispatchException:function(t){if(this.done)throw t;var e=this;function o(n,o){return c.type=\"throw\",c.arg=t,e.next=n,o&&(e.method=\"next\",e.arg=r),!!o}for(var i=this.tryEntries.length-1;i>=0;--i){var a=this.tryEntries[i],c=a.completion;if(\"root\"===a.tryLoc)return o(\"end\");if(a.tryLoc<=this.prev){var u=n.call(a,\"catchLoc\"),h=n.call(a,\"finallyLoc\");if(u&&h){if(this.prev<a.catchLoc)return o(a.catchLoc,!0);if(this.prev<a.finallyLoc)return o(a.finallyLoc)}else if(u){if(this.prev<a.catchLoc)return o(a.catchLoc,!0)}else{if(!h)throw new Error(\"try statement without catch or finally\");if(this.prev<a.finallyLoc)return o(a.finallyLoc)}}}},abrupt:function(t,r){for(var e=this.tryEntries.length-1;e>=0;--e){var o=this.tryEntries[e];if(o.tryLoc<=this.prev&&n.call(o,\"finallyLoc\")&&this.prev<o.finallyLoc){var i=o;break}}i&&(\"break\"===t||\"continue\"===t)&&i.tryLoc<=r&&r<=i.finallyLoc&&(i=null);var a=i?i.completion:{};return a.type=t,a.arg=r,i?(this.method=\"next\",this.next=i.finallyLoc,v):this.complete(a)},complete:function(t,r){if(\"throw\"===t.type)throw t.arg;return\"break\"===t.type||\"continue\"===t.type?this.next=t.arg:\"return\"===t.type?(this.rval=this.arg=t.arg,this.method=\"return\",this.next=\"end\"):\"normal\"===t.type&&r&&(this.next=r),v},finish:function(t){for(var r=this.tryEntries.length-1;r>=0;--r){var e=this.tryEntries[r];if(e.finallyLoc===t)return this.complete(e.completion,e.afterLoc),k(e),v}},catch:function(t){for(var r=this.tryEntries.length-1;r>=0;--r){var e=this.tryEntries[r];if(e.tryLoc===t){var n=e.completion;if(\"throw\"===n.type){var o=n.arg;k(e)}return o}}throw new Error(\"illegal catch attempt\")},delegateYield:function(t,e,n){return this.delegate={iterator:N(t),resultName:e,nextLoc:n},\"next\"===this.method&&(this.arg=r),v}},t}(\"object\"==typeof module?module.exports:{});try{regeneratorRuntime=r}catch(e){Function(\"r\",\"regeneratorRuntime = r\")(r)}"},"sourceMaps":null,"error":null,"hash":"42b6db0a9d73efd047c7bf32fd9e76c6","cacheData":{"env":{}}}