{"id":"../../../effectnode-electron/node_modules/isarray/index.js","dependencies":[{"name":"/Volumes/Data/DataCore/WONGLOK/CodeClients/NewLokLok/effectnode-electron/wonglok-template/package.json","includedInParent":true,"mtime":1612071036692},{"name":"/Volumes/Data/DataCore/WONGLOK/CodeClients/NewLokLok/effectnode-electron/effectnode-electron/node_modules/isarray/package.json","includedInParent":true,"mtime":1605817264138}],"generated":{"js":"var toString = {}.toString;\n\nmodule.exports = Array.isArray || function (arr) {\n  return toString.call(arr) == '[object Array]';\n};\n"},"sourceMaps":null,"error":null,"hash":"4ed2ecd0b6b8baf4d441c09db847963b","cacheData":{"env":{}}}