{"id":"../../../effectnode-electron/node_modules/buffer/index.js","dependencies":[{"name":"/Volumes/Data/DataCore/WONGLOK/CodeClients/NewLokLok/effectnode-electron/wonglok-template/package.json","includedInParent":true,"mtime":1612071036692},{"name":"/Volumes/Data/DataCore/WONGLOK/CodeClients/NewLokLok/effectnode-electron/effectnode-electron/node_modules/buffer/package.json","includedInParent":true,"mtime":1605817263656},{"name":"base64-js","loc":{"line":11,"column":21},"parent":"/Volumes/Data/DataCore/WONGLOK/CodeClients/NewLokLok/effectnode-electron/effectnode-electron/node_modules/buffer/index.js","resolved":"/Volumes/Data/DataCore/WONGLOK/CodeClients/NewLokLok/effectnode-electron/effectnode-electron/node_modules/base64-js/index.js"},{"name":"ieee754","loc":{"line":12,"column":22},"parent":"/Volumes/Data/DataCore/WONGLOK/CodeClients/NewLokLok/effectnode-electron/effectnode-electron/node_modules/buffer/index.js","resolved":"/Volumes/Data/DataCore/WONGLOK/CodeClients/NewLokLok/effectnode-electron/effectnode-electron/node_modules/ieee754/index.js"},{"name":"isarray","loc":{"line":13,"column":22},"parent":"/Volumes/Data/DataCore/WONGLOK/CodeClients/NewLokLok/effectnode-electron/effectnode-electron/node_modules/buffer/index.js","resolved":"/Volumes/Data/DataCore/WONGLOK/CodeClients/NewLokLok/effectnode-electron/effectnode-electron/node_modules/isarray/index.js"},{"name":"buffer","parent":"/Volumes/Data/DataCore/WONGLOK/CodeClients/NewLokLok/effectnode-electron/effectnode-electron/node_modules/buffer/index.js","resolved":"/Volumes/Data/DataCore/WONGLOK/CodeClients/NewLokLok/effectnode-electron/effectnode-electron/node_modules/buffer/index.js"}],"generated":{"js":"\nvar global = arguments[3];\n/*!\n * The buffer module from node.js, for the browser.\n *\n * @author   Feross Aboukhadijeh <http://feross.org>\n * @license  MIT\n */\n/* eslint-disable no-proto */\n\n'use strict'\n\nvar base64 = require('base64-js')\nvar ieee754 = require('ieee754')\nvar isArray = require('isarray')\n\nexports.Buffer = Buffer\nexports.SlowBuffer = SlowBuffer\nexports.INSPECT_MAX_BYTES = 50\n\n/**\n * If `Buffer.TYPED_ARRAY_SUPPORT`:\n *   === true    Use Uint8Array implementation (fastest)\n *   === false   Use Object implementation (most compatible, even IE6)\n *\n * Browsers that support typed arrays are IE 10+, Firefox 4+, Chrome 7+, Safari 5.1+,\n * Opera 11.6+, iOS 4.2+.\n *\n * Due to various browser bugs, sometimes the Object implementation will be used even\n * when the browser supports typed arrays.\n *\n * Note:\n *\n *   - Firefox 4-29 lacks support for adding new properties to `Uint8Array` instances,\n *     See: https://bugzilla.mozilla.org/show_bug.cgi?id=695438.\n *\n *   - Chrome 9-10 is missing the `TypedArray.prototype.subarray` function.\n *\n *   - IE10 has a broken `TypedArray.prototype.subarray` function which returns arrays of\n *     incorrect length in some situations.\n\n * We detect these buggy browsers and set `Buffer.TYPED_ARRAY_SUPPORT` to `false` so they\n * get the Object implementation, which is slower but behaves correctly.\n */\nBuffer.TYPED_ARRAY_SUPPORT = global.TYPED_ARRAY_SUPPORT !== undefined\n  ? global.TYPED_ARRAY_SUPPORT\n  : typedArraySupport()\n\n/*\n * Export kMaxLength after typed array support is determined.\n */\nexports.kMaxLength = kMaxLength()\n\nfunction typedArraySupport () {\n  try {\n    var arr = new Uint8Array(1)\n    arr.__proto__ = {__proto__: Uint8Array.prototype, foo: function () { return 42 }}\n    return arr.foo() === 42 && // typed array instances can be augmented\n        typeof arr.subarray === 'function' && // chrome 9-10 lack `subarray`\n        arr.subarray(1, 1).byteLength === 0 // ie10 has broken `subarray`\n  } catch (e) {\n    return false\n  }\n}\n\nfunction kMaxLength () {\n  return Buffer.TYPED_ARRAY_SUPPORT\n    ? 0x7fffffff\n    : 0x3fffffff\n}\n\nfunction createBuffer (that, length) {\n  if (kMaxLength() < length) {\n    throw new RangeError('Invalid typed array length')\n  }\n  if (Buffer.TYPED_ARRAY_SUPPORT) {\n    // Return an augmented `Uint8Array` instance, for best performance\n    that = new Uint8Array(length)\n    that.__proto__ = Buffer.prototype\n  } else {\n    // Fallback: Return an object instance of the Buffer class\n    if (that === null) {\n      that = new Buffer(length)\n    }\n    that.length = length\n  }\n\n  return that\n}\n\n/**\n * The Buffer constructor returns instances of `Uint8Array` that have their\n * prototype changed to `Buffer.prototype`. Furthermore, `Buffer` is a subclass of\n * `Uint8Array`, so the returned instances will have all the node `Buffer` methods\n * and the `Uint8Array` methods. Square bracket notation works as expected -- it\n * returns a single octet.\n *\n * The `Uint8Array` prototype remains unmodified.\n */\n\nfunction Buffer (arg, encodingOrOffset, length) {\n  if (!Buffer.TYPED_ARRAY_SUPPORT && !(this instanceof Buffer)) {\n    return new Buffer(arg, encodingOrOffset, length)\n  }\n\n  // Common case.\n  if (typeof arg === 'number') {\n    if (typeof encodingOrOffset === 'string') {\n      throw new Error(\n        'If encoding is specified then the first argument must be a string'\n      )\n    }\n    return allocUnsafe(this, arg)\n  }\n  return from(this, arg, encodingOrOffset, length)\n}\n\nBuffer.poolSize = 8192 // not used by this implementation\n\n// TODO: Legacy, not needed anymore. Remove in next major version.\nBuffer._augment = function (arr) {\n  arr.__proto__ = Buffer.prototype\n  return arr\n}\n\nfunction from (that, value, encodingOrOffset, length) {\n  if (typeof value === 'number') {\n    throw new TypeError('\"value\" argument must not be a number')\n  }\n\n  if (typeof ArrayBuffer !== 'undefined' && value instanceof ArrayBuffer) {\n    return fromArrayBuffer(that, value, encodingOrOffset, length)\n  }\n\n  if (typeof value === 'string') {\n    return fromString(that, value, encodingOrOffset)\n  }\n\n  return fromObject(that, value)\n}\n\n/**\n * Functionally equivalent to Buffer(arg, encoding) but throws a TypeError\n * if value is a number.\n * Buffer.from(str[, encoding])\n * Buffer.from(array)\n * Buffer.from(buffer)\n * Buffer.from(arrayBuffer[, byteOffset[, length]])\n **/\nBuffer.from = function (value, encodingOrOffset, length) {\n  return from(null, value, encodingOrOffset, length)\n}\n\nif (Buffer.TYPED_ARRAY_SUPPORT) {\n  Buffer.prototype.__proto__ = Uint8Array.prototype\n  Buffer.__proto__ = Uint8Array\n  if (typeof Symbol !== 'undefined' && Symbol.species &&\n      Buffer[Symbol.species] === Buffer) {\n    // Fix subarray() in ES2016. See: https://github.com/feross/buffer/pull/97\n    Object.defineProperty(Buffer, Symbol.species, {\n      value: null,\n      configurable: true\n    })\n  }\n}\n\nfunction assertSize (size) {\n  if (typeof size !== 'number') {\n    throw new TypeError('\"size\" argument must be a number')\n  } else if (size < 0) {\n    throw new RangeError('\"size\" argument must not be negative')\n  }\n}\n\nfunction alloc (that, size, fill, encoding) {\n  assertSize(size)\n  if (size <= 0) {\n    return createBuffer(that, size)\n  }\n  if (fill !== undefined) {\n    // Only pay attention to encoding if it's a string. This\n    // prevents accidentally sending in a number that would\n    // be interpretted as a start offset.\n    return typeof encoding === 'string'\n      ? createBuffer(that, size).fill(fill, encoding)\n      : createBuffer(that, size).fill(fill)\n  }\n  return createBuffer(that, size)\n}\n\n/**\n * Creates a new filled Buffer instance.\n * alloc(size[, fill[, encoding]])\n **/\nBuffer.alloc = function (size, fill, encoding) {\n  return alloc(null, size, fill, encoding)\n}\n\nfunction allocUnsafe (that, size) {\n  assertSize(size)\n  that = createBuffer(that, size < 0 ? 0 : checked(size) | 0)\n  if (!Buffer.TYPED_ARRAY_SUPPORT) {\n    for (var i = 0; i < size; ++i) {\n      that[i] = 0\n    }\n  }\n  return that\n}\n\n/**\n * Equivalent to Buffer(num), by default creates a non-zero-filled Buffer instance.\n * */\nBuffer.allocUnsafe = function (size) {\n  return allocUnsafe(null, size)\n}\n/**\n * Equivalent to SlowBuffer(num), by default creates a non-zero-filled Buffer instance.\n */\nBuffer.allocUnsafeSlow = function (size) {\n  return allocUnsafe(null, size)\n}\n\nfunction fromString (that, string, encoding) {\n  if (typeof encoding !== 'string' || encoding === '') {\n    encoding = 'utf8'\n  }\n\n  if (!Buffer.isEncoding(encoding)) {\n    throw new TypeError('\"encoding\" must be a valid string encoding')\n  }\n\n  var length = byteLength(string, encoding) | 0\n  that = createBuffer(that, length)\n\n  var actual = that.write(string, encoding)\n\n  if (actual !== length) {\n    // Writing a hex string, for example, that contains invalid characters will\n    // cause everything after the first invalid character to be ignored. (e.g.\n    // 'abxxcd' will be treated as 'ab')\n    that = that.slice(0, actual)\n  }\n\n  return that\n}\n\nfunction fromArrayLike (that, array) {\n  var length = array.length < 0 ? 0 : checked(array.length) | 0\n  that = createBuffer(that, length)\n  for (var i = 0; i < length; i += 1) {\n    that[i] = array[i] & 255\n  }\n  return that\n}\n\nfunction fromArrayBuffer (that, array, byteOffset, length) {\n  array.byteLength // this throws if `array` is not a valid ArrayBuffer\n\n  if (byteOffset < 0 || array.byteLength < byteOffset) {\n    throw new RangeError('\\'offset\\' is out of bounds')\n  }\n\n  if (array.byteLength < byteOffset + (length || 0)) {\n    throw new RangeError('\\'length\\' is out of bounds')\n  }\n\n  if (byteOffset === undefined && length === undefined) {\n    array = new Uint8Array(array)\n  } else if (length === undefined) {\n    array = new Uint8Array(array, byteOffset)\n  } else {\n    array = new Uint8Array(array, byteOffset, length)\n  }\n\n  if (Buffer.TYPED_ARRAY_SUPPORT) {\n    // Return an augmented `Uint8Array` instance, for best performance\n    that = array\n    that.__proto__ = Buffer.prototype\n  } else {\n    // Fallback: Return an object instance of the Buffer class\n    that = fromArrayLike(that, array)\n  }\n  return that\n}\n\nfunction fromObject (that, obj) {\n  if (Buffer.isBuffer(obj)) {\n    var len = checked(obj.length) | 0\n    that = createBuffer(that, len)\n\n    if (that.length === 0) {\n      return that\n    }\n\n    obj.copy(that, 0, 0, len)\n    return that\n  }\n\n  if (obj) {\n    if ((typeof ArrayBuffer !== 'undefined' &&\n        obj.buffer instanceof ArrayBuffer) || 'length' in obj) {\n      if (typeof obj.length !== 'number' || isnan(obj.length)) {\n        return createBuffer(that, 0)\n      }\n      return fromArrayLike(that, obj)\n    }\n\n    if (obj.type === 'Buffer' && isArray(obj.data)) {\n      return fromArrayLike(that, obj.data)\n    }\n  }\n\n  throw new TypeError('First argument must be a string, Buffer, ArrayBuffer, Array, or array-like object.')\n}\n\nfunction checked (length) {\n  // Note: cannot use `length < kMaxLength()` here because that fails when\n  // length is NaN (which is otherwise coerced to zero.)\n  if (length >= kMaxLength()) {\n    throw new RangeError('Attempt to allocate Buffer larger than maximum ' +\n                         'size: 0x' + kMaxLength().toString(16) + ' bytes')\n  }\n  return length | 0\n}\n\nfunction SlowBuffer (length) {\n  if (+length != length) { // eslint-disable-line eqeqeq\n    length = 0\n  }\n  return Buffer.alloc(+length)\n}\n\nBuffer.isBuffer = function isBuffer (b) {\n  return !!(b != null && b._isBuffer)\n}\n\nBuffer.compare = function compare (a, b) {\n  if (!Buffer.isBuffer(a) || !Buffer.isBuffer(b)) {\n    throw new TypeError('Arguments must be Buffers')\n  }\n\n  if (a === b) return 0\n\n  var x = a.length\n  var y = b.length\n\n  for (var i = 0, len = Math.min(x, y); i < len; ++i) {\n    if (a[i] !== b[i]) {\n      x = a[i]\n      y = b[i]\n      break\n    }\n  }\n\n  if (x < y) return -1\n  if (y < x) return 1\n  return 0\n}\n\nBuffer.isEncoding = function isEncoding (encoding) {\n  switch (String(encoding).toLowerCase()) {\n    case 'hex':\n    case 'utf8':\n    case 'utf-8':\n    case 'ascii':\n    case 'latin1':\n    case 'binary':\n    case 'base64':\n    case 'ucs2':\n    case 'ucs-2':\n    case 'utf16le':\n    case 'utf-16le':\n      return true\n    default:\n      return false\n  }\n}\n\nBuffer.concat = function concat (list, length) {\n  if (!isArray(list)) {\n    throw new TypeError('\"list\" argument must be an Array of Buffers')\n  }\n\n  if (list.length === 0) {\n    return Buffer.alloc(0)\n  }\n\n  var i\n  if (length === undefined) {\n    length = 0\n    for (i = 0; i < list.length; ++i) {\n      length += list[i].length\n    }\n  }\n\n  var buffer = Buffer.allocUnsafe(length)\n  var pos = 0\n  for (i = 0; i < list.length; ++i) {\n    var buf = list[i]\n    if (!Buffer.isBuffer(buf)) {\n      throw new TypeError('\"list\" argument must be an Array of Buffers')\n    }\n    buf.copy(buffer, pos)\n    pos += buf.length\n  }\n  return buffer\n}\n\nfunction byteLength (string, encoding) {\n  if (Buffer.isBuffer(string)) {\n    return string.length\n  }\n  if (typeof ArrayBuffer !== 'undefined' && typeof ArrayBuffer.isView === 'function' &&\n      (ArrayBuffer.isView(string) || string instanceof ArrayBuffer)) {\n    return string.byteLength\n  }\n  if (typeof string !== 'string') {\n    string = '' + string\n  }\n\n  var len = string.length\n  if (len === 0) return 0\n\n  // Use a for loop to avoid recursion\n  var loweredCase = false\n  for (;;) {\n    switch (encoding) {\n      case 'ascii':\n      case 'latin1':\n      case 'binary':\n        return len\n      case 'utf8':\n      case 'utf-8':\n      case undefined:\n        return utf8ToBytes(string).length\n      case 'ucs2':\n      case 'ucs-2':\n      case 'utf16le':\n      case 'utf-16le':\n        return len * 2\n      case 'hex':\n        return len >>> 1\n      case 'base64':\n        return base64ToBytes(string).length\n      default:\n        if (loweredCase) return utf8ToBytes(string).length // assume utf8\n        encoding = ('' + encoding).toLowerCase()\n        loweredCase = true\n    }\n  }\n}\nBuffer.byteLength = byteLength\n\nfunction slowToString (encoding, start, end) {\n  var loweredCase = false\n\n  // No need to verify that \"this.length <= MAX_UINT32\" since it's a read-only\n  // property of a typed array.\n\n  // This behaves neither like String nor Uint8Array in that we set start/end\n  // to their upper/lower bounds if the value passed is out of range.\n  // undefined is handled specially as per ECMA-262 6th Edition,\n  // Section 13.3.3.7 Runtime Semantics: KeyedBindingInitialization.\n  if (start === undefined || start < 0) {\n    start = 0\n  }\n  // Return early if start > this.length. Done here to prevent potential uint32\n  // coercion fail below.\n  if (start > this.length) {\n    return ''\n  }\n\n  if (end === undefined || end > this.length) {\n    end = this.length\n  }\n\n  if (end <= 0) {\n    return ''\n  }\n\n  // Force coersion to uint32. This will also coerce falsey/NaN values to 0.\n  end >>>= 0\n  start >>>= 0\n\n  if (end <= start) {\n    return ''\n  }\n\n  if (!encoding) encoding = 'utf8'\n\n  while (true) {\n    switch (encoding) {\n      case 'hex':\n        return hexSlice(this, start, end)\n\n      case 'utf8':\n      case 'utf-8':\n        return utf8Slice(this, start, end)\n\n      case 'ascii':\n        return asciiSlice(this, start, end)\n\n      case 'latin1':\n      case 'binary':\n        return latin1Slice(this, start, end)\n\n      case 'base64':\n        return base64Slice(this, start, end)\n\n      case 'ucs2':\n      case 'ucs-2':\n      case 'utf16le':\n      case 'utf-16le':\n        return utf16leSlice(this, start, end)\n\n      default:\n        if (loweredCase) throw new TypeError('Unknown encoding: ' + encoding)\n        encoding = (encoding + '').toLowerCase()\n        loweredCase = true\n    }\n  }\n}\n\n// The property is used by `Buffer.isBuffer` and `is-buffer` (in Safari 5-7) to detect\n// Buffer instances.\nBuffer.prototype._isBuffer = true\n\nfunction swap (b, n, m) {\n  var i = b[n]\n  b[n] = b[m]\n  b[m] = i\n}\n\nBuffer.prototype.swap16 = function swap16 () {\n  var len = this.length\n  if (len % 2 !== 0) {\n    throw new RangeError('Buffer size must be a multiple of 16-bits')\n  }\n  for (var i = 0; i < len; i += 2) {\n    swap(this, i, i + 1)\n  }\n  return this\n}\n\nBuffer.prototype.swap32 = function swap32 () {\n  var len = this.length\n  if (len % 4 !== 0) {\n    throw new RangeError('Buffer size must be a multiple of 32-bits')\n  }\n  for (var i = 0; i < len; i += 4) {\n    swap(this, i, i + 3)\n    swap(this, i + 1, i + 2)\n  }\n  return this\n}\n\nBuffer.prototype.swap64 = function swap64 () {\n  var len = this.length\n  if (len % 8 !== 0) {\n    throw new RangeError('Buffer size must be a multiple of 64-bits')\n  }\n  for (var i = 0; i < len; i += 8) {\n    swap(this, i, i + 7)\n    swap(this, i + 1, i + 6)\n    swap(this, i + 2, i + 5)\n    swap(this, i + 3, i + 4)\n  }\n  return this\n}\n\nBuffer.prototype.toString = function toString () {\n  var length = this.length | 0\n  if (length === 0) return ''\n  if (arguments.length === 0) return utf8Slice(this, 0, length)\n  return slowToString.apply(this, arguments)\n}\n\nBuffer.prototype.equals = function equals (b) {\n  if (!Buffer.isBuffer(b)) throw new TypeError('Argument must be a Buffer')\n  if (this === b) return true\n  return Buffer.compare(this, b) === 0\n}\n\nBuffer.prototype.inspect = function inspect () {\n  var str = ''\n  var max = exports.INSPECT_MAX_BYTES\n  if (this.length > 0) {\n    str = this.toString('hex', 0, max).match(/.{2}/g).join(' ')\n    if (this.length > max) str += ' ... '\n  }\n  return '<Buffer ' + str + '>'\n}\n\nBuffer.prototype.compare = function compare (target, start, end, thisStart, thisEnd) {\n  if (!Buffer.isBuffer(target)) {\n    throw new TypeError('Argument must be a Buffer')\n  }\n\n  if (start === undefined) {\n    start = 0\n  }\n  if (end === undefined) {\n    end = target ? target.length : 0\n  }\n  if (thisStart === undefined) {\n    thisStart = 0\n  }\n  if (thisEnd === undefined) {\n    thisEnd = this.length\n  }\n\n  if (start < 0 || end > target.length || thisStart < 0 || thisEnd > this.length) {\n    throw new RangeError('out of range index')\n  }\n\n  if (thisStart >= thisEnd && start >= end) {\n    return 0\n  }\n  if (thisStart >= thisEnd) {\n    return -1\n  }\n  if (start >= end) {\n    return 1\n  }\n\n  start >>>= 0\n  end >>>= 0\n  thisStart >>>= 0\n  thisEnd >>>= 0\n\n  if (this === target) return 0\n\n  var x = thisEnd - thisStart\n  var y = end - start\n  var len = Math.min(x, y)\n\n  var thisCopy = this.slice(thisStart, thisEnd)\n  var targetCopy = target.slice(start, end)\n\n  for (var i = 0; i < len; ++i) {\n    if (thisCopy[i] !== targetCopy[i]) {\n      x = thisCopy[i]\n      y = targetCopy[i]\n      break\n    }\n  }\n\n  if (x < y) return -1\n  if (y < x) return 1\n  return 0\n}\n\n// Finds either the first index of `val` in `buffer` at offset >= `byteOffset`,\n// OR the last index of `val` in `buffer` at offset <= `byteOffset`.\n//\n// Arguments:\n// - buffer - a Buffer to search\n// - val - a string, Buffer, or number\n// - byteOffset - an index into `buffer`; will be clamped to an int32\n// - encoding - an optional encoding, relevant is val is a string\n// - dir - true for indexOf, false for lastIndexOf\nfunction bidirectionalIndexOf (buffer, val, byteOffset, encoding, dir) {\n  // Empty buffer means no match\n  if (buffer.length === 0) return -1\n\n  // Normalize byteOffset\n  if (typeof byteOffset === 'string') {\n    encoding = byteOffset\n    byteOffset = 0\n  } else if (byteOffset > 0x7fffffff) {\n    byteOffset = 0x7fffffff\n  } else if (byteOffset < -0x80000000) {\n    byteOffset = -0x80000000\n  }\n  byteOffset = +byteOffset  // Coerce to Number.\n  if (isNaN(byteOffset)) {\n    // byteOffset: it it's undefined, null, NaN, \"foo\", etc, search whole buffer\n    byteOffset = dir ? 0 : (buffer.length - 1)\n  }\n\n  // Normalize byteOffset: negative offsets start from the end of the buffer\n  if (byteOffset < 0) byteOffset = buffer.length + byteOffset\n  if (byteOffset >= buffer.length) {\n    if (dir) return -1\n    else byteOffset = buffer.length - 1\n  } else if (byteOffset < 0) {\n    if (dir) byteOffset = 0\n    else return -1\n  }\n\n  // Normalize val\n  if (typeof val === 'string') {\n    val = Buffer.from(val, encoding)\n  }\n\n  // Finally, search either indexOf (if dir is true) or lastIndexOf\n  if (Buffer.isBuffer(val)) {\n    // Special case: looking for empty string/buffer always fails\n    if (val.length === 0) {\n      return -1\n    }\n    return arrayIndexOf(buffer, val, byteOffset, encoding, dir)\n  } else if (typeof val === 'number') {\n    val = val & 0xFF // Search for a byte value [0-255]\n    if (Buffer.TYPED_ARRAY_SUPPORT &&\n        typeof Uint8Array.prototype.indexOf === 'function') {\n      if (dir) {\n        return Uint8Array.prototype.indexOf.call(buffer, val, byteOffset)\n      } else {\n        return Uint8Array.prototype.lastIndexOf.call(buffer, val, byteOffset)\n      }\n    }\n    return arrayIndexOf(buffer, [ val ], byteOffset, encoding, dir)\n  }\n\n  throw new TypeError('val must be string, number or Buffer')\n}\n\nfunction arrayIndexOf (arr, val, byteOffset, encoding, dir) {\n  var indexSize = 1\n  var arrLength = arr.length\n  var valLength = val.length\n\n  if (encoding !== undefined) {\n    encoding = String(encoding).toLowerCase()\n    if (encoding === 'ucs2' || encoding === 'ucs-2' ||\n        encoding === 'utf16le' || encoding === 'utf-16le') {\n      if (arr.length < 2 || val.length < 2) {\n        return -1\n      }\n      indexSize = 2\n      arrLength /= 2\n      valLength /= 2\n      byteOffset /= 2\n    }\n  }\n\n  function read (buf, i) {\n    if (indexSize === 1) {\n      return buf[i]\n    } else {\n      return buf.readUInt16BE(i * indexSize)\n    }\n  }\n\n  var i\n  if (dir) {\n    var foundIndex = -1\n    for (i = byteOffset; i < arrLength; i++) {\n      if (read(arr, i) === read(val, foundIndex === -1 ? 0 : i - foundIndex)) {\n        if (foundIndex === -1) foundIndex = i\n        if (i - foundIndex + 1 === valLength) return foundIndex * indexSize\n      } else {\n        if (foundIndex !== -1) i -= i - foundIndex\n        foundIndex = -1\n      }\n    }\n  } else {\n    if (byteOffset + valLength > arrLength) byteOffset = arrLength - valLength\n    for (i = byteOffset; i >= 0; i--) {\n      var found = true\n      for (var j = 0; j < valLength; j++) {\n        if (read(arr, i + j) !== read(val, j)) {\n          found = false\n          break\n        }\n      }\n      if (found) return i\n    }\n  }\n\n  return -1\n}\n\nBuffer.prototype.includes = function includes (val, byteOffset, encoding) {\n  return this.indexOf(val, byteOffset, encoding) !== -1\n}\n\nBuffer.prototype.indexOf = function indexOf (val, byteOffset, encoding) {\n  return bidirectionalIndexOf(this, val, byteOffset, encoding, true)\n}\n\nBuffer.prototype.lastIndexOf = function lastIndexOf (val, byteOffset, encoding) {\n  return bidirectionalIndexOf(this, val, byteOffset, encoding, false)\n}\n\nfunction hexWrite (buf, string, offset, length) {\n  offset = Number(offset) || 0\n  var remaining = buf.length - offset\n  if (!length) {\n    length = remaining\n  } else {\n    length = Number(length)\n    if (length > remaining) {\n      length = remaining\n    }\n  }\n\n  // must be an even number of digits\n  var strLen = string.length\n  if (strLen % 2 !== 0) throw new TypeError('Invalid hex string')\n\n  if (length > strLen / 2) {\n    length = strLen / 2\n  }\n  for (var i = 0; i < length; ++i) {\n    var parsed = parseInt(string.substr(i * 2, 2), 16)\n    if (isNaN(parsed)) return i\n    buf[offset + i] = parsed\n  }\n  return i\n}\n\nfunction utf8Write (buf, string, offset, length) {\n  return blitBuffer(utf8ToBytes(string, buf.length - offset), buf, offset, length)\n}\n\nfunction asciiWrite (buf, string, offset, length) {\n  return blitBuffer(asciiToBytes(string), buf, offset, length)\n}\n\nfunction latin1Write (buf, string, offset, length) {\n  return asciiWrite(buf, string, offset, length)\n}\n\nfunction base64Write (buf, string, offset, length) {\n  return blitBuffer(base64ToBytes(string), buf, offset, length)\n}\n\nfunction ucs2Write (buf, string, offset, length) {\n  return blitBuffer(utf16leToBytes(string, buf.length - offset), buf, offset, length)\n}\n\nBuffer.prototype.write = function write (string, offset, length, encoding) {\n  // Buffer#write(string)\n  if (offset === undefined) {\n    encoding = 'utf8'\n    length = this.length\n    offset = 0\n  // Buffer#write(string, encoding)\n  } else if (length === undefined && typeof offset === 'string') {\n    encoding = offset\n    length = this.length\n    offset = 0\n  // Buffer#write(string, offset[, length][, encoding])\n  } else if (isFinite(offset)) {\n    offset = offset | 0\n    if (isFinite(length)) {\n      length = length | 0\n      if (encoding === undefined) encoding = 'utf8'\n    } else {\n      encoding = length\n      length = undefined\n    }\n  // legacy write(string, encoding, offset, length) - remove in v0.13\n  } else {\n    throw new Error(\n      'Buffer.write(string, encoding, offset[, length]) is no longer supported'\n    )\n  }\n\n  var remaining = this.length - offset\n  if (length === undefined || length > remaining) length = remaining\n\n  if ((string.length > 0 && (length < 0 || offset < 0)) || offset > this.length) {\n    throw new RangeError('Attempt to write outside buffer bounds')\n  }\n\n  if (!encoding) encoding = 'utf8'\n\n  var loweredCase = false\n  for (;;) {\n    switch (encoding) {\n      case 'hex':\n        return hexWrite(this, string, offset, length)\n\n      case 'utf8':\n      case 'utf-8':\n        return utf8Write(this, string, offset, length)\n\n      case 'ascii':\n        return asciiWrite(this, string, offset, length)\n\n      case 'latin1':\n      case 'binary':\n        return latin1Write(this, string, offset, length)\n\n      case 'base64':\n        // Warning: maxLength not taken into account in base64Write\n        return base64Write(this, string, offset, length)\n\n      case 'ucs2':\n      case 'ucs-2':\n      case 'utf16le':\n      case 'utf-16le':\n        return ucs2Write(this, string, offset, length)\n\n      default:\n        if (loweredCase) throw new TypeError('Unknown encoding: ' + encoding)\n        encoding = ('' + encoding).toLowerCase()\n        loweredCase = true\n    }\n  }\n}\n\nBuffer.prototype.toJSON = function toJSON () {\n  return {\n    type: 'Buffer',\n    data: Array.prototype.slice.call(this._arr || this, 0)\n  }\n}\n\nfunction base64Slice (buf, start, end) {\n  if (start === 0 && end === buf.length) {\n    return base64.fromByteArray(buf)\n  } else {\n    return base64.fromByteArray(buf.slice(start, end))\n  }\n}\n\nfunction utf8Slice (buf, start, end) {\n  end = Math.min(buf.length, end)\n  var res = []\n\n  var i = start\n  while (i < end) {\n    var firstByte = buf[i]\n    var codePoint = null\n    var bytesPerSequence = (firstByte > 0xEF) ? 4\n      : (firstByte > 0xDF) ? 3\n      : (firstByte > 0xBF) ? 2\n      : 1\n\n    if (i + bytesPerSequence <= end) {\n      var secondByte, thirdByte, fourthByte, tempCodePoint\n\n      switch (bytesPerSequence) {\n        case 1:\n          if (firstByte < 0x80) {\n            codePoint = firstByte\n          }\n          break\n        case 2:\n          secondByte = buf[i + 1]\n          if ((secondByte & 0xC0) === 0x80) {\n            tempCodePoint = (firstByte & 0x1F) << 0x6 | (secondByte & 0x3F)\n            if (tempCodePoint > 0x7F) {\n              codePoint = tempCodePoint\n            }\n          }\n          break\n        case 3:\n          secondByte = buf[i + 1]\n          thirdByte = buf[i + 2]\n          if ((secondByte & 0xC0) === 0x80 && (thirdByte & 0xC0) === 0x80) {\n            tempCodePoint = (firstByte & 0xF) << 0xC | (secondByte & 0x3F) << 0x6 | (thirdByte & 0x3F)\n            if (tempCodePoint > 0x7FF && (tempCodePoint < 0xD800 || tempCodePoint > 0xDFFF)) {\n              codePoint = tempCodePoint\n            }\n          }\n          break\n        case 4:\n          secondByte = buf[i + 1]\n          thirdByte = buf[i + 2]\n          fourthByte = buf[i + 3]\n          if ((secondByte & 0xC0) === 0x80 && (thirdByte & 0xC0) === 0x80 && (fourthByte & 0xC0) === 0x80) {\n            tempCodePoint = (firstByte & 0xF) << 0x12 | (secondByte & 0x3F) << 0xC | (thirdByte & 0x3F) << 0x6 | (fourthByte & 0x3F)\n            if (tempCodePoint > 0xFFFF && tempCodePoint < 0x110000) {\n              codePoint = tempCodePoint\n            }\n          }\n      }\n    }\n\n    if (codePoint === null) {\n      // we did not generate a valid codePoint so insert a\n      // replacement char (U+FFFD) and advance only 1 byte\n      codePoint = 0xFFFD\n      bytesPerSequence = 1\n    } else if (codePoint > 0xFFFF) {\n      // encode to utf16 (surrogate pair dance)\n      codePoint -= 0x10000\n      res.push(codePoint >>> 10 & 0x3FF | 0xD800)\n      codePoint = 0xDC00 | codePoint & 0x3FF\n    }\n\n    res.push(codePoint)\n    i += bytesPerSequence\n  }\n\n  return decodeCodePointsArray(res)\n}\n\n// Based on http://stackoverflow.com/a/22747272/680742, the browser with\n// the lowest limit is Chrome, with 0x10000 args.\n// We go 1 magnitude less, for safety\nvar MAX_ARGUMENTS_LENGTH = 0x1000\n\nfunction decodeCodePointsArray (codePoints) {\n  var len = codePoints.length\n  if (len <= MAX_ARGUMENTS_LENGTH) {\n    return String.fromCharCode.apply(String, codePoints) // avoid extra slice()\n  }\n\n  // Decode in chunks to avoid \"call stack size exceeded\".\n  var res = ''\n  var i = 0\n  while (i < len) {\n    res += String.fromCharCode.apply(\n      String,\n      codePoints.slice(i, i += MAX_ARGUMENTS_LENGTH)\n    )\n  }\n  return res\n}\n\nfunction asciiSlice (buf, start, end) {\n  var ret = ''\n  end = Math.min(buf.length, end)\n\n  for (var i = start; i < end; ++i) {\n    ret += String.fromCharCode(buf[i] & 0x7F)\n  }\n  return ret\n}\n\nfunction latin1Slice (buf, start, end) {\n  var ret = ''\n  end = Math.min(buf.length, end)\n\n  for (var i = start; i < end; ++i) {\n    ret += String.fromCharCode(buf[i])\n  }\n  return ret\n}\n\nfunction hexSlice (buf, start, end) {\n  var len = buf.length\n\n  if (!start || start < 0) start = 0\n  if (!end || end < 0 || end > len) end = len\n\n  var out = ''\n  for (var i = start; i < end; ++i) {\n    out += toHex(buf[i])\n  }\n  return out\n}\n\nfunction utf16leSlice (buf, start, end) {\n  var bytes = buf.slice(start, end)\n  var res = ''\n  for (var i = 0; i < bytes.length; i += 2) {\n    res += String.fromCharCode(bytes[i] + bytes[i + 1] * 256)\n  }\n  return res\n}\n\nBuffer.prototype.slice = function slice (start, end) {\n  var len = this.length\n  start = ~~start\n  end = end === undefined ? len : ~~end\n\n  if (start < 0) {\n    start += len\n    if (start < 0) start = 0\n  } else if (start > len) {\n    start = len\n  }\n\n  if (end < 0) {\n    end += len\n    if (end < 0) end = 0\n  } else if (end > len) {\n    end = len\n  }\n\n  if (end < start) end = start\n\n  var newBuf\n  if (Buffer.TYPED_ARRAY_SUPPORT) {\n    newBuf = this.subarray(start, end)\n    newBuf.__proto__ = Buffer.prototype\n  } else {\n    var sliceLen = end - start\n    newBuf = new Buffer(sliceLen, undefined)\n    for (var i = 0; i < sliceLen; ++i) {\n      newBuf[i] = this[i + start]\n    }\n  }\n\n  return newBuf\n}\n\n/*\n * Need to make sure that buffer isn't trying to write out of bounds.\n */\nfunction checkOffset (offset, ext, length) {\n  if ((offset % 1) !== 0 || offset < 0) throw new RangeError('offset is not uint')\n  if (offset + ext > length) throw new RangeError('Trying to access beyond buffer length')\n}\n\nBuffer.prototype.readUIntLE = function readUIntLE (offset, byteLength, noAssert) {\n  offset = offset | 0\n  byteLength = byteLength | 0\n  if (!noAssert) checkOffset(offset, byteLength, this.length)\n\n  var val = this[offset]\n  var mul = 1\n  var i = 0\n  while (++i < byteLength && (mul *= 0x100)) {\n    val += this[offset + i] * mul\n  }\n\n  return val\n}\n\nBuffer.prototype.readUIntBE = function readUIntBE (offset, byteLength, noAssert) {\n  offset = offset | 0\n  byteLength = byteLength | 0\n  if (!noAssert) {\n    checkOffset(offset, byteLength, this.length)\n  }\n\n  var val = this[offset + --byteLength]\n  var mul = 1\n  while (byteLength > 0 && (mul *= 0x100)) {\n    val += this[offset + --byteLength] * mul\n  }\n\n  return val\n}\n\nBuffer.prototype.readUInt8 = function readUInt8 (offset, noAssert) {\n  if (!noAssert) checkOffset(offset, 1, this.length)\n  return this[offset]\n}\n\nBuffer.prototype.readUInt16LE = function readUInt16LE (offset, noAssert) {\n  if (!noAssert) checkOffset(offset, 2, this.length)\n  return this[offset] | (this[offset + 1] << 8)\n}\n\nBuffer.prototype.readUInt16BE = function readUInt16BE (offset, noAssert) {\n  if (!noAssert) checkOffset(offset, 2, this.length)\n  return (this[offset] << 8) | this[offset + 1]\n}\n\nBuffer.prototype.readUInt32LE = function readUInt32LE (offset, noAssert) {\n  if (!noAssert) checkOffset(offset, 4, this.length)\n\n  return ((this[offset]) |\n      (this[offset + 1] << 8) |\n      (this[offset + 2] << 16)) +\n      (this[offset + 3] * 0x1000000)\n}\n\nBuffer.prototype.readUInt32BE = function readUInt32BE (offset, noAssert) {\n  if (!noAssert) checkOffset(offset, 4, this.length)\n\n  return (this[offset] * 0x1000000) +\n    ((this[offset + 1] << 16) |\n    (this[offset + 2] << 8) |\n    this[offset + 3])\n}\n\nBuffer.prototype.readIntLE = function readIntLE (offset, byteLength, noAssert) {\n  offset = offset | 0\n  byteLength = byteLength | 0\n  if (!noAssert) checkOffset(offset, byteLength, this.length)\n\n  var val = this[offset]\n  var mul = 1\n  var i = 0\n  while (++i < byteLength && (mul *= 0x100)) {\n    val += this[offset + i] * mul\n  }\n  mul *= 0x80\n\n  if (val >= mul) val -= Math.pow(2, 8 * byteLength)\n\n  return val\n}\n\nBuffer.prototype.readIntBE = function readIntBE (offset, byteLength, noAssert) {\n  offset = offset | 0\n  byteLength = byteLength | 0\n  if (!noAssert) checkOffset(offset, byteLength, this.length)\n\n  var i = byteLength\n  var mul = 1\n  var val = this[offset + --i]\n  while (i > 0 && (mul *= 0x100)) {\n    val += this[offset + --i] * mul\n  }\n  mul *= 0x80\n\n  if (val >= mul) val -= Math.pow(2, 8 * byteLength)\n\n  return val\n}\n\nBuffer.prototype.readInt8 = function readInt8 (offset, noAssert) {\n  if (!noAssert) checkOffset(offset, 1, this.length)\n  if (!(this[offset] & 0x80)) return (this[offset])\n  return ((0xff - this[offset] + 1) * -1)\n}\n\nBuffer.prototype.readInt16LE = function readInt16LE (offset, noAssert) {\n  if (!noAssert) checkOffset(offset, 2, this.length)\n  var val = this[offset] | (this[offset + 1] << 8)\n  return (val & 0x8000) ? val | 0xFFFF0000 : val\n}\n\nBuffer.prototype.readInt16BE = function readInt16BE (offset, noAssert) {\n  if (!noAssert) checkOffset(offset, 2, this.length)\n  var val = this[offset + 1] | (this[offset] << 8)\n  return (val & 0x8000) ? val | 0xFFFF0000 : val\n}\n\nBuffer.prototype.readInt32LE = function readInt32LE (offset, noAssert) {\n  if (!noAssert) checkOffset(offset, 4, this.length)\n\n  return (this[offset]) |\n    (this[offset + 1] << 8) |\n    (this[offset + 2] << 16) |\n    (this[offset + 3] << 24)\n}\n\nBuffer.prototype.readInt32BE = function readInt32BE (offset, noAssert) {\n  if (!noAssert) checkOffset(offset, 4, this.length)\n\n  return (this[offset] << 24) |\n    (this[offset + 1] << 16) |\n    (this[offset + 2] << 8) |\n    (this[offset + 3])\n}\n\nBuffer.prototype.readFloatLE = function readFloatLE (offset, noAssert) {\n  if (!noAssert) checkOffset(offset, 4, this.length)\n  return ieee754.read(this, offset, true, 23, 4)\n}\n\nBuffer.prototype.readFloatBE = function readFloatBE (offset, noAssert) {\n  if (!noAssert) checkOffset(offset, 4, this.length)\n  return ieee754.read(this, offset, false, 23, 4)\n}\n\nBuffer.prototype.readDoubleLE = function readDoubleLE (offset, noAssert) {\n  if (!noAssert) checkOffset(offset, 8, this.length)\n  return ieee754.read(this, offset, true, 52, 8)\n}\n\nBuffer.prototype.readDoubleBE = function readDoubleBE (offset, noAssert) {\n  if (!noAssert) checkOffset(offset, 8, this.length)\n  return ieee754.read(this, offset, false, 52, 8)\n}\n\nfunction checkInt (buf, value, offset, ext, max, min) {\n  if (!Buffer.isBuffer(buf)) throw new TypeError('\"buffer\" argument must be a Buffer instance')\n  if (value > max || value < min) throw new RangeError('\"value\" argument is out of bounds')\n  if (offset + ext > buf.length) throw new RangeError('Index out of range')\n}\n\nBuffer.prototype.writeUIntLE = function writeUIntLE (value, offset, byteLength, noAssert) {\n  value = +value\n  offset = offset | 0\n  byteLength = byteLength | 0\n  if (!noAssert) {\n    var maxBytes = Math.pow(2, 8 * byteLength) - 1\n    checkInt(this, value, offset, byteLength, maxBytes, 0)\n  }\n\n  var mul = 1\n  var i = 0\n  this[offset] = value & 0xFF\n  while (++i < byteLength && (mul *= 0x100)) {\n    this[offset + i] = (value / mul) & 0xFF\n  }\n\n  return offset + byteLength\n}\n\nBuffer.prototype.writeUIntBE = function writeUIntBE (value, offset, byteLength, noAssert) {\n  value = +value\n  offset = offset | 0\n  byteLength = byteLength | 0\n  if (!noAssert) {\n    var maxBytes = Math.pow(2, 8 * byteLength) - 1\n    checkInt(this, value, offset, byteLength, maxBytes, 0)\n  }\n\n  var i = byteLength - 1\n  var mul = 1\n  this[offset + i] = value & 0xFF\n  while (--i >= 0 && (mul *= 0x100)) {\n    this[offset + i] = (value / mul) & 0xFF\n  }\n\n  return offset + byteLength\n}\n\nBuffer.prototype.writeUInt8 = function writeUInt8 (value, offset, noAssert) {\n  value = +value\n  offset = offset | 0\n  if (!noAssert) checkInt(this, value, offset, 1, 0xff, 0)\n  if (!Buffer.TYPED_ARRAY_SUPPORT) value = Math.floor(value)\n  this[offset] = (value & 0xff)\n  return offset + 1\n}\n\nfunction objectWriteUInt16 (buf, value, offset, littleEndian) {\n  if (value < 0) value = 0xffff + value + 1\n  for (var i = 0, j = Math.min(buf.length - offset, 2); i < j; ++i) {\n    buf[offset + i] = (value & (0xff << (8 * (littleEndian ? i : 1 - i)))) >>>\n      (littleEndian ? i : 1 - i) * 8\n  }\n}\n\nBuffer.prototype.writeUInt16LE = function writeUInt16LE (value, offset, noAssert) {\n  value = +value\n  offset = offset | 0\n  if (!noAssert) checkInt(this, value, offset, 2, 0xffff, 0)\n  if (Buffer.TYPED_ARRAY_SUPPORT) {\n    this[offset] = (value & 0xff)\n    this[offset + 1] = (value >>> 8)\n  } else {\n    objectWriteUInt16(this, value, offset, true)\n  }\n  return offset + 2\n}\n\nBuffer.prototype.writeUInt16BE = function writeUInt16BE (value, offset, noAssert) {\n  value = +value\n  offset = offset | 0\n  if (!noAssert) checkInt(this, value, offset, 2, 0xffff, 0)\n  if (Buffer.TYPED_ARRAY_SUPPORT) {\n    this[offset] = (value >>> 8)\n    this[offset + 1] = (value & 0xff)\n  } else {\n    objectWriteUInt16(this, value, offset, false)\n  }\n  return offset + 2\n}\n\nfunction objectWriteUInt32 (buf, value, offset, littleEndian) {\n  if (value < 0) value = 0xffffffff + value + 1\n  for (var i = 0, j = Math.min(buf.length - offset, 4); i < j; ++i) {\n    buf[offset + i] = (value >>> (littleEndian ? i : 3 - i) * 8) & 0xff\n  }\n}\n\nBuffer.prototype.writeUInt32LE = function writeUInt32LE (value, offset, noAssert) {\n  value = +value\n  offset = offset | 0\n  if (!noAssert) checkInt(this, value, offset, 4, 0xffffffff, 0)\n  if (Buffer.TYPED_ARRAY_SUPPORT) {\n    this[offset + 3] = (value >>> 24)\n    this[offset + 2] = (value >>> 16)\n    this[offset + 1] = (value >>> 8)\n    this[offset] = (value & 0xff)\n  } else {\n    objectWriteUInt32(this, value, offset, true)\n  }\n  return offset + 4\n}\n\nBuffer.prototype.writeUInt32BE = function writeUInt32BE (value, offset, noAssert) {\n  value = +value\n  offset = offset | 0\n  if (!noAssert) checkInt(this, value, offset, 4, 0xffffffff, 0)\n  if (Buffer.TYPED_ARRAY_SUPPORT) {\n    this[offset] = (value >>> 24)\n    this[offset + 1] = (value >>> 16)\n    this[offset + 2] = (value >>> 8)\n    this[offset + 3] = (value & 0xff)\n  } else {\n    objectWriteUInt32(this, value, offset, false)\n  }\n  return offset + 4\n}\n\nBuffer.prototype.writeIntLE = function writeIntLE (value, offset, byteLength, noAssert) {\n  value = +value\n  offset = offset | 0\n  if (!noAssert) {\n    var limit = Math.pow(2, 8 * byteLength - 1)\n\n    checkInt(this, value, offset, byteLength, limit - 1, -limit)\n  }\n\n  var i = 0\n  var mul = 1\n  var sub = 0\n  this[offset] = value & 0xFF\n  while (++i < byteLength && (mul *= 0x100)) {\n    if (value < 0 && sub === 0 && this[offset + i - 1] !== 0) {\n      sub = 1\n    }\n    this[offset + i] = ((value / mul) >> 0) - sub & 0xFF\n  }\n\n  return offset + byteLength\n}\n\nBuffer.prototype.writeIntBE = function writeIntBE (value, offset, byteLength, noAssert) {\n  value = +value\n  offset = offset | 0\n  if (!noAssert) {\n    var limit = Math.pow(2, 8 * byteLength - 1)\n\n    checkInt(this, value, offset, byteLength, limit - 1, -limit)\n  }\n\n  var i = byteLength - 1\n  var mul = 1\n  var sub = 0\n  this[offset + i] = value & 0xFF\n  while (--i >= 0 && (mul *= 0x100)) {\n    if (value < 0 && sub === 0 && this[offset + i + 1] !== 0) {\n      sub = 1\n    }\n    this[offset + i] = ((value / mul) >> 0) - sub & 0xFF\n  }\n\n  return offset + byteLength\n}\n\nBuffer.prototype.writeInt8 = function writeInt8 (value, offset, noAssert) {\n  value = +value\n  offset = offset | 0\n  if (!noAssert) checkInt(this, value, offset, 1, 0x7f, -0x80)\n  if (!Buffer.TYPED_ARRAY_SUPPORT) value = Math.floor(value)\n  if (value < 0) value = 0xff + value + 1\n  this[offset] = (value & 0xff)\n  return offset + 1\n}\n\nBuffer.prototype.writeInt16LE = function writeInt16LE (value, offset, noAssert) {\n  value = +value\n  offset = offset | 0\n  if (!noAssert) checkInt(this, value, offset, 2, 0x7fff, -0x8000)\n  if (Buffer.TYPED_ARRAY_SUPPORT) {\n    this[offset] = (value & 0xff)\n    this[offset + 1] = (value >>> 8)\n  } else {\n    objectWriteUInt16(this, value, offset, true)\n  }\n  return offset + 2\n}\n\nBuffer.prototype.writeInt16BE = function writeInt16BE (value, offset, noAssert) {\n  value = +value\n  offset = offset | 0\n  if (!noAssert) checkInt(this, value, offset, 2, 0x7fff, -0x8000)\n  if (Buffer.TYPED_ARRAY_SUPPORT) {\n    this[offset] = (value >>> 8)\n    this[offset + 1] = (value & 0xff)\n  } else {\n    objectWriteUInt16(this, value, offset, false)\n  }\n  return offset + 2\n}\n\nBuffer.prototype.writeInt32LE = function writeInt32LE (value, offset, noAssert) {\n  value = +value\n  offset = offset | 0\n  if (!noAssert) checkInt(this, value, offset, 4, 0x7fffffff, -0x80000000)\n  if (Buffer.TYPED_ARRAY_SUPPORT) {\n    this[offset] = (value & 0xff)\n    this[offset + 1] = (value >>> 8)\n    this[offset + 2] = (value >>> 16)\n    this[offset + 3] = (value >>> 24)\n  } else {\n    objectWriteUInt32(this, value, offset, true)\n  }\n  return offset + 4\n}\n\nBuffer.prototype.writeInt32BE = function writeInt32BE (value, offset, noAssert) {\n  value = +value\n  offset = offset | 0\n  if (!noAssert) checkInt(this, value, offset, 4, 0x7fffffff, -0x80000000)\n  if (value < 0) value = 0xffffffff + value + 1\n  if (Buffer.TYPED_ARRAY_SUPPORT) {\n    this[offset] = (value >>> 24)\n    this[offset + 1] = (value >>> 16)\n    this[offset + 2] = (value >>> 8)\n    this[offset + 3] = (value & 0xff)\n  } else {\n    objectWriteUInt32(this, value, offset, false)\n  }\n  return offset + 4\n}\n\nfunction checkIEEE754 (buf, value, offset, ext, max, min) {\n  if (offset + ext > buf.length) throw new RangeError('Index out of range')\n  if (offset < 0) throw new RangeError('Index out of range')\n}\n\nfunction writeFloat (buf, value, offset, littleEndian, noAssert) {\n  if (!noAssert) {\n    checkIEEE754(buf, value, offset, 4, 3.4028234663852886e+38, -3.4028234663852886e+38)\n  }\n  ieee754.write(buf, value, offset, littleEndian, 23, 4)\n  return offset + 4\n}\n\nBuffer.prototype.writeFloatLE = function writeFloatLE (value, offset, noAssert) {\n  return writeFloat(this, value, offset, true, noAssert)\n}\n\nBuffer.prototype.writeFloatBE = function writeFloatBE (value, offset, noAssert) {\n  return writeFloat(this, value, offset, false, noAssert)\n}\n\nfunction writeDouble (buf, value, offset, littleEndian, noAssert) {\n  if (!noAssert) {\n    checkIEEE754(buf, value, offset, 8, 1.7976931348623157E+308, -1.7976931348623157E+308)\n  }\n  ieee754.write(buf, value, offset, littleEndian, 52, 8)\n  return offset + 8\n}\n\nBuffer.prototype.writeDoubleLE = function writeDoubleLE (value, offset, noAssert) {\n  return writeDouble(this, value, offset, true, noAssert)\n}\n\nBuffer.prototype.writeDoubleBE = function writeDoubleBE (value, offset, noAssert) {\n  return writeDouble(this, value, offset, false, noAssert)\n}\n\n// copy(targetBuffer, targetStart=0, sourceStart=0, sourceEnd=buffer.length)\nBuffer.prototype.copy = function copy (target, targetStart, start, end) {\n  if (!start) start = 0\n  if (!end && end !== 0) end = this.length\n  if (targetStart >= target.length) targetStart = target.length\n  if (!targetStart) targetStart = 0\n  if (end > 0 && end < start) end = start\n\n  // Copy 0 bytes; we're done\n  if (end === start) return 0\n  if (target.length === 0 || this.length === 0) return 0\n\n  // Fatal error conditions\n  if (targetStart < 0) {\n    throw new RangeError('targetStart out of bounds')\n  }\n  if (start < 0 || start >= this.length) throw new RangeError('sourceStart out of bounds')\n  if (end < 0) throw new RangeError('sourceEnd out of bounds')\n\n  // Are we oob?\n  if (end > this.length) end = this.length\n  if (target.length - targetStart < end - start) {\n    end = target.length - targetStart + start\n  }\n\n  var len = end - start\n  var i\n\n  if (this === target && start < targetStart && targetStart < end) {\n    // descending copy from end\n    for (i = len - 1; i >= 0; --i) {\n      target[i + targetStart] = this[i + start]\n    }\n  } else if (len < 1000 || !Buffer.TYPED_ARRAY_SUPPORT) {\n    // ascending copy from start\n    for (i = 0; i < len; ++i) {\n      target[i + targetStart] = this[i + start]\n    }\n  } else {\n    Uint8Array.prototype.set.call(\n      target,\n      this.subarray(start, start + len),\n      targetStart\n    )\n  }\n\n  return len\n}\n\n// Usage:\n//    buffer.fill(number[, offset[, end]])\n//    buffer.fill(buffer[, offset[, end]])\n//    buffer.fill(string[, offset[, end]][, encoding])\nBuffer.prototype.fill = function fill (val, start, end, encoding) {\n  // Handle string cases:\n  if (typeof val === 'string') {\n    if (typeof start === 'string') {\n      encoding = start\n      start = 0\n      end = this.length\n    } else if (typeof end === 'string') {\n      encoding = end\n      end = this.length\n    }\n    if (val.length === 1) {\n      var code = val.charCodeAt(0)\n      if (code < 256) {\n        val = code\n      }\n    }\n    if (encoding !== undefined && typeof encoding !== 'string') {\n      throw new TypeError('encoding must be a string')\n    }\n    if (typeof encoding === 'string' && !Buffer.isEncoding(encoding)) {\n      throw new TypeError('Unknown encoding: ' + encoding)\n    }\n  } else if (typeof val === 'number') {\n    val = val & 255\n  }\n\n  // Invalid ranges are not set to a default, so can range check early.\n  if (start < 0 || this.length < start || this.length < end) {\n    throw new RangeError('Out of range index')\n  }\n\n  if (end <= start) {\n    return this\n  }\n\n  start = start >>> 0\n  end = end === undefined ? this.length : end >>> 0\n\n  if (!val) val = 0\n\n  var i\n  if (typeof val === 'number') {\n    for (i = start; i < end; ++i) {\n      this[i] = val\n    }\n  } else {\n    var bytes = Buffer.isBuffer(val)\n      ? val\n      : utf8ToBytes(new Buffer(val, encoding).toString())\n    var len = bytes.length\n    for (i = 0; i < end - start; ++i) {\n      this[i + start] = bytes[i % len]\n    }\n  }\n\n  return this\n}\n\n// HELPER FUNCTIONS\n// ================\n\nvar INVALID_BASE64_RE = /[^+\\/0-9A-Za-z-_]/g\n\nfunction base64clean (str) {\n  // Node strips out invalid characters like \\n and \\t from the string, base64-js does not\n  str = stringtrim(str).replace(INVALID_BASE64_RE, '')\n  // Node converts strings with length < 2 to ''\n  if (str.length < 2) return ''\n  // Node allows for non-padded base64 strings (missing trailing ===), base64-js does not\n  while (str.length % 4 !== 0) {\n    str = str + '='\n  }\n  return str\n}\n\nfunction stringtrim (str) {\n  if (str.trim) return str.trim()\n  return str.replace(/^\\s+|\\s+$/g, '')\n}\n\nfunction toHex (n) {\n  if (n < 16) return '0' + n.toString(16)\n  return n.toString(16)\n}\n\nfunction utf8ToBytes (string, units) {\n  units = units || Infinity\n  var codePoint\n  var length = string.length\n  var leadSurrogate = null\n  var bytes = []\n\n  for (var i = 0; i < length; ++i) {\n    codePoint = string.charCodeAt(i)\n\n    // is surrogate component\n    if (codePoint > 0xD7FF && codePoint < 0xE000) {\n      // last char was a lead\n      if (!leadSurrogate) {\n        // no lead yet\n        if (codePoint > 0xDBFF) {\n          // unexpected trail\n          if ((units -= 3) > -1) bytes.push(0xEF, 0xBF, 0xBD)\n          continue\n        } else if (i + 1 === length) {\n          // unpaired lead\n          if ((units -= 3) > -1) bytes.push(0xEF, 0xBF, 0xBD)\n          continue\n        }\n\n        // valid lead\n        leadSurrogate = codePoint\n\n        continue\n      }\n\n      // 2 leads in a row\n      if (codePoint < 0xDC00) {\n        if ((units -= 3) > -1) bytes.push(0xEF, 0xBF, 0xBD)\n        leadSurrogate = codePoint\n        continue\n      }\n\n      // valid surrogate pair\n      codePoint = (leadSurrogate - 0xD800 << 10 | codePoint - 0xDC00) + 0x10000\n    } else if (leadSurrogate) {\n      // valid bmp char, but last char was a lead\n      if ((units -= 3) > -1) bytes.push(0xEF, 0xBF, 0xBD)\n    }\n\n    leadSurrogate = null\n\n    // encode utf8\n    if (codePoint < 0x80) {\n      if ((units -= 1) < 0) break\n      bytes.push(codePoint)\n    } else if (codePoint < 0x800) {\n      if ((units -= 2) < 0) break\n      bytes.push(\n        codePoint >> 0x6 | 0xC0,\n        codePoint & 0x3F | 0x80\n      )\n    } else if (codePoint < 0x10000) {\n      if ((units -= 3) < 0) break\n      bytes.push(\n        codePoint >> 0xC | 0xE0,\n        codePoint >> 0x6 & 0x3F | 0x80,\n        codePoint & 0x3F | 0x80\n      )\n    } else if (codePoint < 0x110000) {\n      if ((units -= 4) < 0) break\n      bytes.push(\n        codePoint >> 0x12 | 0xF0,\n        codePoint >> 0xC & 0x3F | 0x80,\n        codePoint >> 0x6 & 0x3F | 0x80,\n        codePoint & 0x3F | 0x80\n      )\n    } else {\n      throw new Error('Invalid code point')\n    }\n  }\n\n  return bytes\n}\n\nfunction asciiToBytes (str) {\n  var byteArray = []\n  for (var i = 0; i < str.length; ++i) {\n    // Node's code seems to be doing this and not & 0x7F..\n    byteArray.push(str.charCodeAt(i) & 0xFF)\n  }\n  return byteArray\n}\n\nfunction utf16leToBytes (str, units) {\n  var c, hi, lo\n  var byteArray = []\n  for (var i = 0; i < str.length; ++i) {\n    if ((units -= 2) < 0) break\n\n    c = str.charCodeAt(i)\n    hi = c >> 8\n    lo = c % 256\n    byteArray.push(lo)\n    byteArray.push(hi)\n  }\n\n  return byteArray\n}\n\nfunction base64ToBytes (str) {\n  return base64.toByteArray(base64clean(str))\n}\n\nfunction blitBuffer (src, dst, offset, length) {\n  for (var i = 0; i < length; ++i) {\n    if ((i + offset >= dst.length) || (i >= src.length)) break\n    dst[i + offset] = src[i]\n  }\n  return i\n}\n\nfunction isnan (val) {\n  return val !== val // eslint-disable-line no-self-compare\n}\n"},"sourceMaps":null,"error":null,"hash":"d71886ba42bc08ba663a1953aead6b2e","cacheData":{"env":{}}}