{"id":"boxes/*.js","dependencies":[{"name":"./AAA__ID__app.js","loc":{"line":2,"column":26},"parent":"/Volumes/Data/DataCore/WONGLOK/CodeClients/NewLokLok/effectnode-electron/wonglok-template/src/js/boxes/*.js","resolved":"/Volumes/Data/DataCore/WONGLOK/CodeClients/NewLokLok/effectnode-electron/wonglok-template/src/js/boxes/AAA__ID__app.js"},{"name":"./geometry__ID___74115483.js","loc":{"line":3,"column":37},"parent":"/Volumes/Data/DataCore/WONGLOK/CodeClients/NewLokLok/effectnode-electron/wonglok-template/src/js/boxes/*.js","resolved":"/Volumes/Data/DataCore/WONGLOK/CodeClients/NewLokLok/effectnode-electron/wonglok-template/src/js/boxes/geometry__ID___74115483.js"},{"name":"./material__ID___79058957.js","loc":{"line":4,"column":37},"parent":"/Volumes/Data/DataCore/WONGLOK/CodeClients/NewLokLok/effectnode-electron/wonglok-template/src/js/boxes/*.js","resolved":"/Volumes/Data/DataCore/WONGLOK/CodeClients/NewLokLok/effectnode-electron/wonglok-template/src/js/boxes/material__ID___79058957.js"},{"name":"./mesh__ID___20373994.js","loc":{"line":5,"column":33},"parent":"/Volumes/Data/DataCore/WONGLOK/CodeClients/NewLokLok/effectnode-electron/wonglok-template/src/js/boxes/*.js","resolved":"/Volumes/Data/DataCore/WONGLOK/CodeClients/NewLokLok/effectnode-electron/wonglok-template/src/js/boxes/mesh__ID___20373994.js"},{"name":"/Volumes/Data/DataCore/WONGLOK/CodeClients/NewLokLok/effectnode-electron/wonglok-template/package.json","includedInParent":true,"mtime":1612071036692}],"generated":{"js":"module.exports = {\n  \"AAA__ID__app\": require(\"./AAA__ID__app.js\"),\n  \"geometry__ID___74115483\": require(\"./geometry__ID___74115483.js\"),\n  \"material__ID___79058957\": require(\"./material__ID___79058957.js\"),\n  \"mesh__ID___20373994\": require(\"./mesh__ID___20373994.js\")\n};"},"sourceMaps":null,"error":null,"hash":"61a00282f29183b0b0835e3e12e5be7f","cacheData":{"env":{}}}