{"id":"../../node_modules/is-promise/index.js","dependencies":[{"name":"/Users/wonglok/Downloads/aa/a1/package.json","includedInParent":true,"mtime":1612071036692},{"name":"/Users/wonglok/Downloads/aa/a1/node_modules/is-promise/package.json","includedInParent":true,"mtime":1605902836917}],"generated":{"js":"module.exports = isPromise;\nmodule.exports.default = isPromise;\n\nfunction isPromise(obj) {\n  return !!obj && (typeof obj === 'object' || typeof obj === 'function') && typeof obj.then === 'function';\n}\n"},"sourceMaps":null,"error":null,"hash":"60908fd0a1763f97d18a20082d06e631","cacheData":{"env":{}}}