{"id":"meta.json","dependencies":[{"name":"/Users/wonglok/Downloads/aa/a1/package.json","includedInParent":true,"mtime":1611718168415}],"generated":{"js":"module.exports = {\n  \"boxes\": [{\n    \"isFirstUserBox\": true,\n    \"isProtected\": true,\n    \"isUserBoxes\": true,\n    \"_id\": \"AAA\",\n    \"x\": 42.48512268066406,\n    \"y\": 84.53251647949219,\n    \"displayName\": \"app\",\n    \"moduleName\": \"AAA__ID__app\",\n    \"fileName\": \"AAA__ID__app.js\",\n    \"slug\": \"app\",\n    \"inputs\": [{\n      \"_id\": \"main_rID_123\",\n      \"name\": \"main\"\n    }, {\n      \"_id\": \"mode_rID_456\",\n      \"name\": \"mode\"\n    }]\n  }, {\n    \"isFirstUserBox\": false,\n    \"isProtected\": false,\n    \"isUserBoxes\": true,\n    \"_id\": \"_1201359\",\n    \"x\": 70.37178039550781,\n    \"y\": 261.7979431152344,\n    \"displayName\": \"frame\",\n    \"moduleName\": \"_1201359__ID__frame\",\n    \"fileName\": \"_1201359__ID__frame.js\",\n    \"slug\": \"frame\",\n    \"inputs\": [{\n      \"_id\": \"_94909956\",\n      \"name\": \"main\"\n    }, {\n      \"_id\": \"_54718202\",\n      \"name\": \"speed\"\n    }, {\n      \"_id\": \"_83732744\",\n      \"name\": \"color\"\n    }]\n  }, {\n    \"isFirstUserBox\": false,\n    \"isProtected\": false,\n    \"isUserBoxes\": true,\n    \"_id\": \"_28842832\",\n    \"x\": 254.61956787109375,\n    \"y\": 256.4385681152344,\n    \"displayName\": \"resize\",\n    \"moduleName\": \"resize__ID___28842832\",\n    \"fileName\": \"resize__ID___28842832.js\",\n    \"slug\": \"resize\",\n    \"inputs\": [{\n      \"_id\": \"_53609925\",\n      \"name\": \"main\"\n    }, {\n      \"_id\": \"_59104886\",\n      \"name\": \"speed\"\n    }, {\n      \"_id\": \"_65571659\",\n      \"name\": \"color\"\n    }]\n  }],\n  \"cables\": [{\n    \"_id\": \"_25102867\",\n    \"outputBoxID\": \"AAA\",\n    \"inputBoxID\": \"_1201359\",\n    \"inputSlotID\": \"_94909956\"\n  }, {\n    \"_id\": \"_50698241\",\n    \"outputBoxID\": \"AAA\",\n    \"inputBoxID\": \"_28842832\",\n    \"inputSlotID\": \"_53609925\"\n  }],\n  \"slots\": []\n};"},"sourceMaps":null,"error":null,"hash":"99c38f8d14c3b5c645a7bf0c311e1504","cacheData":{"env":{}}}