{"id":"../../node_modules/react-reconciler/index.js","dependencies":[{"name":"/Users/wonglok/Downloads/aa/a1/package.json","includedInParent":true,"mtime":1612071036692},{"name":"/Users/wonglok/Downloads/aa/a1/node_modules/react-reconciler/package.json","includedInParent":true,"mtime":1608334535674},{"name":"./cjs/react-reconciler.development.js","loc":{"line":6,"column":27},"parent":"/Users/wonglok/Downloads/aa/a1/node_modules/react-reconciler/index.js","resolved":"/Users/wonglok/Downloads/aa/a1/node_modules/react-reconciler/cjs/react-reconciler.development.js"}],"generated":{"js":"'use strict';\n\nif (undefined === 'production') {\n  module.exports = require('./cjs/react-reconciler.production.min.js');\n} else {\n  module.exports = require('./cjs/react-reconciler.development.js');\n}"},"sourceMaps":null,"error":null,"hash":"cd48c714f0f2f062412f7f4579bdf9db","cacheData":{"env":{}}}