{"id":"boxes/apple.js","dependencies":[{"name":"/Users/wonglok/Downloads/aa/a1/package.json","includedInParent":true,"mtime":1611718168415},{"name":"moment","loc":{"line":2,"column":19},"parent":"/Users/wonglok/Downloads/aa/a1/src/js/boxes/apple.js","resolved":"/Users/wonglok/Downloads/aa/a1/node_modules/moment/moment.js"}],"generated":{"js":"\"use strict\";Object.defineProperty(exports,\"__esModule\",{value:!0}),exports.default=void 0;var e=t(require(\"moment\"));function t(e){return e&&e.__esModule?e:{default:e}}var r=function(){return console.log(\"apple.js\",(0,e.default)().calendar()),(0,e.default)().calendar()+\"apple\"};exports.default=r;"},"sourceMaps":null,"error":null,"hash":"1437aff25019163abe80f7fdc78207e8","cacheData":{"env":{}}}