{"id":"../../node_modules/react-dom/index.js","dependencies":[{"name":"/Volumes/Data/DataCore/WONGLOK/CodeClients/NewLokLok/effectnode-electron/wonglok-template/package.json","includedInParent":true,"mtime":1612071036692},{"name":"/Volumes/Data/DataCore/WONGLOK/CodeClients/NewLokLok/effectnode-electron/wonglok-template/node_modules/react-dom/package.json","includedInParent":true,"mtime":1608334535590},{"name":"./cjs/react-dom.development.js","loc":{"line":37,"column":27},"parent":"/Volumes/Data/DataCore/WONGLOK/CodeClients/NewLokLok/effectnode-electron/wonglok-template/node_modules/react-dom/index.js","resolved":"/Volumes/Data/DataCore/WONGLOK/CodeClients/NewLokLok/effectnode-electron/wonglok-template/node_modules/react-dom/cjs/react-dom.development.js"}],"generated":{"js":"'use strict';\n\nfunction checkDCE() {\n  /* global __REACT_DEVTOOLS_GLOBAL_HOOK__ */\n  if (typeof __REACT_DEVTOOLS_GLOBAL_HOOK__ === 'undefined' || typeof __REACT_DEVTOOLS_GLOBAL_HOOK__.checkDCE !== 'function') {\n    return;\n  }\n\n  if (undefined !== 'production') {\n    // This branch is unreachable because this function is only called\n    // in production, but the condition is true only in development.\n    // Therefore if the branch is still here, dead code elimination wasn't\n    // properly applied.\n    // Don't change the message. React DevTools relies on it. Also make sure\n    // this message doesn't occur elsewhere in this function, or it will cause\n    // a false positive.\n    throw new Error('^_^');\n  }\n\n  try {\n    // Verify that the code above has been dead code eliminated (DCE'd).\n    __REACT_DEVTOOLS_GLOBAL_HOOK__.checkDCE(checkDCE);\n  } catch (err) {\n    // DevTools shouldn't crash React, no matter what.\n    // We should still report in case we break this code.\n    console.error(err);\n  }\n}\n\nif (undefined === 'production') {\n  // DCE check should happen before ReactDOM bundle executes so that\n  // DevTools can report bad minification during injection.\n  checkDCE();\n  module.exports = require('./cjs/react-dom.production.min.js');\n} else {\n  module.exports = require('./cjs/react-dom.development.js');\n}"},"sourceMaps":null,"error":null,"hash":"ce8d60fe881c5106fff0c6692a4e3301","cacheData":{"env":{}}}