{"id":"boxes/resize__ID___28842832.js","dependencies":[{"name":"/Users/wonglok/Downloads/aa/a1/package.json","includedInParent":true,"mtime":1612044016324}],"generated":{"js":"module.exports.box = function (_ref) {\n  var log = _ref.log,\n      inputAt = _ref.inputAt,\n      pulse = _ref.pulse;\n  var input = inputAt(0);\n  input.stream(function (data) {\n    log(data);\n  });\n  window.addEventListener(\"resize\", function () {\n    pulse({\n      type: \"resize\"\n    });\n  });\n};"},"sourceMaps":null,"error":null,"hash":"b5f155af2a10d035599b25372e827a50","cacheData":{"env":{}}}