{"id":"boxes/AAA__ID__app.js","dependencies":[{"name":"/Users/wonglok/Downloads/aa/a1/package.json","includedInParent":true,"mtime":1612071036692},{"name":"react-dom","loc":{"line":14,"column":21},"parent":"/Users/wonglok/Downloads/aa/a1/src/js/boxes/AAA__ID__app.js","resolved":"/Users/wonglok/Downloads/aa/a1/node_modules/react-dom/index.js"},{"name":"react","loc":{"line":15,"column":43},"parent":"/Users/wonglok/Downloads/aa/a1/src/js/boxes/AAA__ID__app.js","resolved":"/Users/wonglok/Downloads/aa/a1/node_modules/react/index.js"},{"name":"react-three-fiber","loc":{"line":16,"column":23},"parent":"/Users/wonglok/Downloads/aa/a1/src/js/boxes/AAA__ID__app.js","resolved":"/Users/wonglok/Downloads/aa/a1/node_modules/react-three-fiber/web.js"}],"generated":{"js":"\"use strict\";\n\nvar _reactDom = _interopRequireDefault(require(\"react-dom\"));\n\nvar _react = _interopRequireWildcard(require(\"react\"));\n\nvar _reactThreeFiber = require(\"react-three-fiber\");\n\nfunction _getRequireWildcardCache() { if (typeof WeakMap !== \"function\") return null; var cache = new WeakMap(); _getRequireWildcardCache = function () { return cache; }; return cache; }\n\nfunction _interopRequireWildcard(obj) { if (obj && obj.__esModule) { return obj; } if (obj === null || typeof obj !== \"object\" && typeof obj !== \"function\") { return { default: obj }; } var cache = _getRequireWildcardCache(); if (cache && cache.has(obj)) { return cache.get(obj); } var newObj = {}; var hasPropertyDescriptor = Object.defineProperty && Object.getOwnPropertyDescriptor; for (var key in obj) { if (Object.prototype.hasOwnProperty.call(obj, key)) { var desc = hasPropertyDescriptor ? Object.getOwnPropertyDescriptor(obj, key) : null; if (desc && (desc.get || desc.set)) { Object.defineProperty(newObj, key, desc); } else { newObj[key] = obj[key]; } } } newObj.default = obj; if (cache) { cache.set(obj, newObj); } return newObj; }\n\nfunction _interopRequireDefault(obj) { return obj && obj.__esModule ? obj : { default: obj }; }\n\nfunction _slicedToArray(arr, i) { return _arrayWithHoles(arr) || _iterableToArrayLimit(arr, i) || _unsupportedIterableToArray(arr, i) || _nonIterableRest(); }\n\nfunction _nonIterableRest() { throw new TypeError(\"Invalid attempt to destructure non-iterable instance.\\nIn order to be iterable, non-array objects must have a [Symbol.iterator]() method.\"); }\n\nfunction _unsupportedIterableToArray(o, minLen) { if (!o) return; if (typeof o === \"string\") return _arrayLikeToArray(o, minLen); var n = Object.prototype.toString.call(o).slice(8, -1); if (n === \"Object\" && o.constructor) n = o.constructor.name; if (n === \"Map\" || n === \"Set\") return Array.from(o); if (n === \"Arguments\" || /^(?:Ui|I)nt(?:8|16|32)(?:Clamped)?Array$/.test(n)) return _arrayLikeToArray(o, minLen); }\n\nfunction _arrayLikeToArray(arr, len) { if (len == null || len > arr.length) len = arr.length; for (var i = 0, arr2 = new Array(len); i < len; i++) { arr2[i] = arr[i]; } return arr2; }\n\nfunction _iterableToArrayLimit(arr, i) { if (typeof Symbol === \"undefined\" || !(Symbol.iterator in Object(arr))) return; var _arr = []; var _n = true; var _d = false; var _e = undefined; try { for (var _i = arr[Symbol.iterator](), _s; !(_n = (_s = _i.next()).done); _n = true) { _arr.push(_s.value); if (i && _arr.length === i) break; } } catch (err) { _d = true; _e = err; } finally { try { if (!_n && _i[\"return\"] != null) _i[\"return\"](); } finally { if (_d) throw _e; } } return _arr; }\n\nfunction _arrayWithHoles(arr) { if (Array.isArray(arr)) return arr; }\n\nfunction EffectNode(_ref) {\n  var context = _ref.context;\n\n  var _useState = (0, _react.useState)(null),\n      _useState2 = _slicedToArray(_useState, 2),\n      element = _useState2[0],\n      setReactThreeFiberElement = _useState2[1];\n\n  (0, _react.useEffect)(function () {\n    context.set(\"mount\", function (v) {\n      setReactThreeFiberElement(v);\n    });\n  });\n  return /*#__PURE__*/_react.default.createElement(\"group\", null, element);\n}\n\nmodule.exports.box = function (_ref2) {\n  var context = _ref2.context,\n      domElement = _ref2.domElement,\n      pulse = _ref2.pulse;\n\n  _reactDom.default.render( /*#__PURE__*/_react.default.createElement(_reactThreeFiber.Canvas, null, /*#__PURE__*/_react.default.createElement(EffectNode, {\n    context: context\n  }), /*#__PURE__*/_react.default.createElement(\"ambientLight\", null), /*#__PURE__*/_react.default.createElement(\"pointLight\", {\n    position: [10, 10, 10]\n  })), domElement);\n};"},"sourceMaps":null,"error":null,"hash":"08b3d7a1991442a535f9df4c6801e690","cacheData":{"env":{}}}