{"id":"boxes/*.js","dependencies":[{"name":"./AAA__ID__app.js","loc":{"line":2,"column":26},"parent":"/Users/wonglok/Downloads/aa/a1/src/js/boxes/*.js","resolved":"/Users/wonglok/Downloads/aa/a1/src/js/boxes/AAA__ID__app.js"},{"name":"./mesh__ID___20373994.js","loc":{"line":3,"column":33},"parent":"/Users/wonglok/Downloads/aa/a1/src/js/boxes/*.js","resolved":"/Users/wonglok/Downloads/aa/a1/src/js/boxes/mesh__ID___20373994.js"},{"name":"/Users/wonglok/Downloads/aa/a1/package.json","includedInParent":true,"mtime":1612071036692}],"generated":{"js":"module.exports = {\n  \"AAA__ID__app\": require(\"./AAA__ID__app.js\"),\n  \"mesh__ID___20373994\": require(\"./mesh__ID___20373994.js\")\n};"},"sourceMaps":null,"error":null,"hash":"5d3d515fb310ebef2ac207dbeeef6e76","cacheData":{"env":{}}}