{"id":"../../node_modules/react-three-fiber/web.js","dependencies":[{"name":"/Users/wonglok/Downloads/aa/a1/package.json","includedInParent":true,"mtime":1612071036692},{"name":"/Users/wonglok/Downloads/aa/a1/node_modules/react-three-fiber/package.json","includedInParent":true,"mtime":1612070890803},{"name":"@babel/runtime/helpers/esm/extends","loc":{"line":1,"column":21},"parent":"/Users/wonglok/Downloads/aa/a1/node_modules/react-three-fiber/web.js","resolved":"/Users/wonglok/Downloads/aa/a1/node_modules/@babel/runtime/helpers/esm/extends.js"},{"name":"three","loc":{"line":3,"column":207},"parent":"/Users/wonglok/Downloads/aa/a1/node_modules/react-three-fiber/web.js","resolved":"/Users/wonglok/Downloads/aa/a1/node_modules/three/build/three.module.js"},{"name":"react-reconciler","loc":{"line":4,"column":23},"parent":"/Users/wonglok/Downloads/aa/a1/node_modules/react-three-fiber/web.js","resolved":"/Users/wonglok/Downloads/aa/a1/node_modules/react-reconciler/index.js"},{"name":"scheduler","loc":{"line":5,"column":78},"parent":"/Users/wonglok/Downloads/aa/a1/node_modules/react-three-fiber/web.js","resolved":"/Users/wonglok/Downloads/aa/a1/node_modules/scheduler/index.js"},{"name":"react","loc":{"line":6,"column":148},"parent":"/Users/wonglok/Downloads/aa/a1/node_modules/react-three-fiber/web.js","resolved":"/Users/wonglok/Downloads/aa/a1/node_modules/react/index.js"},{"name":"tiny-emitter","loc":{"line":7,"column":28},"parent":"/Users/wonglok/Downloads/aa/a1/node_modules/react-three-fiber/web.js","resolved":"/Users/wonglok/Downloads/aa/a1/node_modules/tiny-emitter/index.js"},{"name":"use-asset","loc":{"line":8,"column":25},"parent":"/Users/wonglok/Downloads/aa/a1/node_modules/react-three-fiber/web.js","resolved":"/Users/wonglok/Downloads/aa/a1/node_modules/use-asset/dist/index.js"},{"name":"react-use-measure","loc":{"line":9,"column":23},"parent":"/Users/wonglok/Downloads/aa/a1/node_modules/react-three-fiber/web.js","resolved":"/Users/wonglok/Downloads/aa/a1/node_modules/react-use-measure/dist/web.js"},{"name":"react-merge-refs","loc":{"line":10,"column":22},"parent":"/Users/wonglok/Downloads/aa/a1/node_modules/react-three-fiber/web.js","resolved":"/Users/wonglok/Downloads/aa/a1/node_modules/react-merge-refs/dist/react-merge-refs.esm.js"}],"generated":{"js":"\"use strict\";\n\nObject.defineProperty(exports, \"__esModule\", {\n  value: true\n});\nexports.applyProps = applyProps;\nexports.createPortal = createPortal;\nexports.forceResize = forceResize;\nexports.invalidate = invalidate;\nexports.isOrthographicCamera = isOrthographicCamera;\nexports.render = render;\nexports.renderGl = renderGl;\nexports.unmountComponentAtNode = unmountComponentAtNode;\nexports.useFrame = useFrame;\nexports.useGraph = useGraph;\nexports.useLoader = useLoader;\nexports.useResource = useResource;\nexports.useThree = useThree;\nexports.useUpdate = useUpdate;\nexports.useCanvas = exports.stateContext = exports.extend = exports.addTail = exports.addEffect = exports.addAfterEffect = exports.ResizeContainer = exports.Renderer = exports.ReactThreeFiber = exports.Canvas = void 0;\n\nvar _extends2 = _interopRequireDefault(require(\"@babel/runtime/helpers/esm/extends\"));\n\nvar THREE = _interopRequireWildcard(require(\"three\"));\n\nvar _reactReconciler = _interopRequireDefault(require(\"react-reconciler\"));\n\nvar _scheduler = require(\"scheduler\");\n\nvar _react = _interopRequireWildcard(require(\"react\"));\n\nvar _tinyEmitter = require(\"tiny-emitter\");\n\nvar _useAsset = require(\"use-asset\");\n\nvar _reactUseMeasure = _interopRequireDefault(require(\"react-use-measure\"));\n\nvar _reactMergeRefs = _interopRequireDefault(require(\"react-merge-refs\"));\n\nfunction _getRequireWildcardCache() { if (typeof WeakMap !== \"function\") return null; var cache = new WeakMap(); _getRequireWildcardCache = function () { return cache; }; return cache; }\n\nfunction _interopRequireWildcard(obj) { if (obj && obj.__esModule) { return obj; } if (obj === null || typeof obj !== \"object\" && typeof obj !== \"function\") { return { default: obj }; } var cache = _getRequireWildcardCache(); if (cache && cache.has(obj)) { return cache.get(obj); } var newObj = {}; var hasPropertyDescriptor = Object.defineProperty && Object.getOwnPropertyDescriptor; for (var key in obj) { if (Object.prototype.hasOwnProperty.call(obj, key)) { var desc = hasPropertyDescriptor ? Object.getOwnPropertyDescriptor(obj, key) : null; if (desc && (desc.get || desc.set)) { Object.defineProperty(newObj, key, desc); } else { newObj[key] = obj[key]; } } } newObj.default = obj; if (cache) { cache.set(obj, newObj); } return newObj; }\n\nfunction _interopRequireDefault(obj) { return obj && obj.__esModule ? obj : { default: obj }; }\n\nvar name = \"react-three-fiber\";\nvar version = \"5.3.18\";\nconst roots = new Map();\nconst emptyObject = {};\nconst is = {\n  obj: a => a === Object(a) && !is.arr(a),\n  fun: a => typeof a === 'function',\n  str: a => typeof a === 'string',\n  num: a => typeof a === 'number',\n  und: a => a === void 0,\n  arr: a => Array.isArray(a),\n\n  equ(a, b) {\n    // Wrong type or one of the two undefined, doesn't match\n    if (typeof a !== typeof b || !!a !== !!b) return false; // Atomic, just compare a against b\n\n    if (is.str(a) || is.num(a) || is.obj(a)) return a === b; // Array, shallow compare first to see if it's a match\n\n    if (is.arr(a) && a == b) return true; // Last resort, go through keys\n\n    let i;\n\n    for (i in a) if (!(i in b)) return false;\n\n    for (i in b) if (a[i] !== b[i]) return false;\n\n    return is.und(i) ? a === b : true;\n  }\n\n};\n\nfunction createSubs(callback, subs) {\n  const index = subs.length;\n  subs.push(callback);\n  return () => void subs.splice(index, 1);\n}\n\nlet globalEffects = [];\nlet globalAfterEffects = [];\nlet globalTailEffects = [];\n\nconst addEffect = callback => createSubs(callback, globalEffects);\n\nexports.addEffect = addEffect;\n\nconst addAfterEffect = callback => createSubs(callback, globalAfterEffects);\n\nexports.addAfterEffect = addAfterEffect;\n\nconst addTail = callback => createSubs(callback, globalTailEffects);\n\nexports.addTail = addTail;\n\nfunction renderGl(state, timestamp, repeat = 0, runGlobalEffects = false) {\n  let i; // Run global effects\n\n  if (runGlobalEffects) {\n    for (i = 0; i < globalEffects.length; i++) {\n      globalEffects[i](timestamp);\n      repeat++;\n    }\n  } // Run local effects\n\n\n  const delta = state.current.clock.getDelta();\n\n  for (i = 0; i < state.current.subscribers.length; i++) {\n    state.current.subscribers[i].ref.current(state.current, delta);\n  } // Decrease frame count\n\n\n  state.current.frames = Math.max(0, state.current.frames - 1);\n  repeat += !state.current.invalidateFrameloop ? 1 : state.current.frames; // Render content\n\n  if (!state.current.manual && state.current.gl.render) state.current.gl.render(state.current.scene, state.current.camera); // Run global after-effects\n\n  if (runGlobalEffects) {\n    for (i = 0; i < globalAfterEffects.length; i++) {\n      globalAfterEffects[i](timestamp);\n    }\n  }\n\n  return repeat;\n}\n\nlet running = false;\n\nfunction renderLoop(timestamp) {\n  running = true;\n  let repeat = 0;\n  let i; // Run global effects\n\n  for (i = 0; i < globalEffects.length; i++) {\n    globalEffects[i](timestamp);\n    repeat++;\n  }\n\n  roots.forEach(root => {\n    const state = root.containerInfo.__state; // If the frameloop is invalidated, do not run another frame\n\n    if (state.current.active && state.current.ready && (!state.current.invalidateFrameloop || state.current.frames > 0)) {\n      repeat = renderGl(state, timestamp, repeat);\n    } else {\n      repeat = 0;\n    }\n  }); // Run global after-effects\n\n  for (i = 0; i < globalAfterEffects.length; i++) {\n    globalAfterEffects[i](timestamp);\n  }\n\n  if (repeat !== 0) {\n    return requestAnimationFrame(renderLoop);\n  } else {\n    // Tail call effects, they are called when rendering stops\n    for (i = 0; i < globalTailEffects.length; i++) {\n      globalTailEffects[i](timestamp);\n    }\n  } // Flag end of operation\n\n\n  running = false;\n}\n\nfunction invalidate(state = true, frames = 1) {\n  if (state === true) {\n    roots.forEach(root => {\n      const state = root.containerInfo.__state;\n      state.current.frames = state.current.ready ? state.current.frames + frames : frames;\n    });\n  } else if (state && state.current) {\n    if (state.current.vr) return;\n    state.current.frames = state.current.ready ? state.current.frames + frames : frames;\n  }\n\n  if (!running) {\n    running = true;\n    requestAnimationFrame(renderLoop);\n  }\n}\n\nfunction forceResize() {\n  roots.forEach(root => root.containerInfo.__state.current.forceResize());\n}\n\nlet catalogue = {};\n\nconst extend = objects => void (catalogue = { ...catalogue,\n  ...objects\n});\n\nexports.extend = extend;\n\nfunction applyProps(instance, newProps, oldProps = {}, accumulative = false) {\n  // Filter equals, events and reserved props\n  const container = instance.__container;\n  const sameProps = [];\n  const handlers = [];\n  let i;\n  let keys = Object.keys(newProps);\n\n  for (i = 0; i < keys.length; i++) {\n    if (is.equ(newProps[keys[i]], oldProps[keys[i]])) {\n      sameProps.push(keys[i]);\n    } // Event-handlers ...\n    //   are functions, that\n    //   start with \"on\", and\n    //   contain the name \"Pointer\", \"Click\", \"ContextMenu\", or \"Wheel\"\n\n\n    if (is.fun(newProps[keys[i]]) && keys[i].startsWith('on')) {\n      if (keys[i].includes('Pointer') || keys[i].includes('Click') || keys[i].includes('ContextMenu') || keys[i].includes('Wheel')) {\n        handlers.push(keys[i]);\n      }\n    }\n  }\n\n  const leftOvers = [];\n  keys = Object.keys(oldProps);\n\n  if (accumulative) {\n    for (i = 0; i < keys.length; i++) {\n      if (newProps[keys[i]] === void 0) {\n        leftOvers.push(keys[i]);\n      }\n    }\n  }\n\n  const toFilter = [...sameProps, 'children', 'key', 'ref']; // Instances use \"object\" as a reserved identifier\n\n  if (instance.__instance) toFilter.push('object');\n  const filteredProps = { ...newProps\n  }; // Removes sameProps and reserved props from newProps\n\n  keys = Object.keys(filteredProps);\n\n  for (i = 0; i < keys.length; i++) {\n    if (toFilter.indexOf(keys[i]) > -1) {\n      delete filteredProps[keys[i]];\n    }\n  } // Add left-overs as undefined props so they can be removed\n\n\n  keys = Object.keys(leftOvers);\n\n  for (i = 0; i < keys.length; i++) {\n    if (keys[i] !== 'children') {\n      filteredProps[keys[i]] = undefined;\n    }\n  }\n\n  const filteredPropsEntries = Object.entries(filteredProps);\n\n  if (filteredPropsEntries.length > 0) {\n    filteredPropsEntries.forEach(([key, value]) => {\n      if (!handlers.includes(key)) {\n        var _instance$__container, _instance$__container2;\n\n        let root = instance;\n        let target = root[key];\n\n        if (key.includes('-')) {\n          const entries = key.split('-');\n          target = entries.reduce((acc, key) => acc[key], instance); // If the target is atomic, it forces us to switch the root\n\n          if (!(target && target.set)) {\n            const [name, ...reverseEntries] = entries.reverse();\n            root = reverseEntries.reverse().reduce((acc, key) => acc[key], instance);\n            key = name;\n          }\n        } // Special treatment for objects with support for set/copy\n\n\n        const isColorManagement = (_instance$__container = instance.__container) == null ? void 0 : (_instance$__container2 = _instance$__container.__state) == null ? void 0 : _instance$__container2.current.colorManagement;\n\n        if (target && target.set && (target.copy || target instanceof THREE.Layers)) {\n          // If value is an array it has got to be the set function\n          if (Array.isArray(value)) {\n            target.set(...value);\n          } // Test again target.copy(class) next ...\n          else if (target.copy && value && value.constructor && target.constructor.name === value.constructor.name) {\n              target.copy(value);\n            } // If nothing else fits, just set the single value, ignore undefined\n            // https://github.com/react-spring/react-three-fiber/issues/274\n            else if (value !== undefined) {\n                target.set(value); // Auto-convert sRGB colors, for now ...\n                // https://github.com/react-spring/react-three-fiber/issues/344\n\n                if (isColorManagement && target instanceof THREE.Color) {\n                  target.convertSRGBToLinear();\n                }\n              } // Else, just overwrite the value\n\n        } else {\n          root[key] = value; // Auto-convert sRGB textures, for now ...\n          // https://github.com/react-spring/react-three-fiber/issues/344\n\n          if (isColorManagement && root[key] instanceof THREE.Texture) {\n            root[key].encoding = THREE.sRGBEncoding;\n          }\n        }\n\n        invalidateInstance(instance);\n      }\n    }); // Preemptively delete the instance from the containers interaction\n\n    if (accumulative && container && instance.raycast && instance.__handlers) {\n      instance.__handlers = undefined;\n\n      const index = container.__interaction.indexOf(instance);\n\n      if (index > -1) container.__interaction.splice(index, 1);\n    } // Prep interaction handlers\n\n\n    if (handlers.length) {\n      if (accumulative && container && instance.raycast) container.__interaction.push(instance); // Add handlers to the instances handler-map\n\n      instance.__handlers = handlers.reduce((acc, key) => {\n        acc[key.charAt(2).toLowerCase() + key.substr(3)] = newProps[key];\n        return acc;\n      }, {});\n    } // Call the update lifecycle when it is being updated, but only when it is part of the scene\n\n\n    if (instance.parent) updateInstance(instance);\n  }\n}\n\nfunction invalidateInstance(instance) {\n  if (instance.__container && instance.__container.__state) invalidate(instance.__container.__state);\n}\n\nfunction updateInstance(instance) {\n  if (instance.onUpdate) instance.onUpdate(instance);\n}\n\nfunction createInstance(type, {\n  args = [],\n  ...props\n}, container, hostContext, internalInstanceHandle) {\n  let name = `${type[0].toUpperCase()}${type.slice(1)}`;\n  let instance;\n\n  if (type === 'primitive') {\n    // Switch off dispose for primitive objects\n    props = {\n      dispose: null,\n      ...props\n    };\n    instance = props.object;\n    instance.__instance = true;\n    instance.__dispose = instance.dispose;\n  } else {\n    const target = catalogue[name] || THREE[name];\n\n    if (!target) {\n      throw `\"${name}\" is not part of the THREE namespace! Did you forget to extend it? See: https://github.com/pmndrs/react-three-fiber/blob/master/markdown/api.md#using-3rd-party-objects-declaratively`;\n    }\n\n    instance = is.arr(args) ? new target(...args) : new target(args);\n  } // Bind to the root container in case portals are being used\n  // This is perhaps better for event management as we can keep them on a single instance\n\n\n  while (container.__container) {\n    container = container.__container;\n  } // TODO: https://github.com/facebook/react/issues/17147\n  // If it's still not there it means the portal was created on a virtual node outside of react\n\n\n  if (!roots.has(container)) {\n    const fn = node => {\n      if (!node.return) return node.stateNode && node.stateNode.containerInfo;else return fn(node.return);\n    };\n\n    container = fn(internalInstanceHandle);\n  } // Apply initial props\n\n\n  instance.__objects = [];\n  instance.__container = container; // Auto-attach geometries and materials\n\n  if (name.endsWith('Geometry')) {\n    props = {\n      attach: 'geometry',\n      ...props\n    };\n  } else if (name.endsWith('Material')) {\n    props = {\n      attach: 'material',\n      ...props\n    };\n  } // It should NOT call onUpdate on object instanciation, because it hasn't been added to the\n  // view yet. If the callback relies on references for instance, they won't be ready yet, this is\n  // why it passes \"true\" here\n\n\n  applyProps(instance, props, {});\n  return instance;\n}\n\nfunction appendChild(parentInstance, child) {\n  if (child) {\n    if (child.isObject3D) {\n      parentInstance.add(child);\n    } else {\n      parentInstance.__objects.push(child);\n\n      child.parent = parentInstance; // The attach attribute implies that the object attaches itself on the parent\n\n      if (child.attachArray) {\n        if (!is.arr(parentInstance[child.attachArray])) parentInstance[child.attachArray] = [];\n        parentInstance[child.attachArray].push(child);\n      } else if (child.attachObject) {\n        if (!is.obj(parentInstance[child.attachObject[0]])) parentInstance[child.attachObject[0]] = {};\n        parentInstance[child.attachObject[0]][child.attachObject[1]] = child;\n      } else if (child.attach) {\n        parentInstance[child.attach] = child;\n      }\n    }\n\n    updateInstance(child);\n    invalidateInstance(child);\n  }\n}\n\nfunction insertBefore(parentInstance, child, beforeChild) {\n  if (child) {\n    if (child.isObject3D) {\n      child.parent = parentInstance;\n      child.dispatchEvent({\n        type: 'added'\n      });\n      const restSiblings = parentInstance.children.filter(sibling => sibling !== child); // TODO: the order is out of whack if data objects are present, has to be recalculated\n\n      const index = restSiblings.indexOf(beforeChild);\n      parentInstance.children = [...restSiblings.slice(0, index), child, ...restSiblings.slice(index)];\n      updateInstance(child);\n    } else {\n      appendChild(parentInstance, child);\n    } // TODO: order!!!\n\n\n    invalidateInstance(child);\n  }\n}\n\nfunction removeRecursive(array, parent, clone = false) {\n  if (array) {\n    // Three uses splice op's internally we may have to shallow-clone the array in order to safely remove items\n    const target = clone ? [...array] : array;\n    target.forEach(child => removeChild(parent, child));\n  }\n}\n\nfunction removeChild(parentInstance, child) {\n  if (child) {\n    if (child.isObject3D) {\n      parentInstance.remove(child);\n    } else {\n      child.parent = null;\n      if (parentInstance.__objects) parentInstance.__objects = parentInstance.__objects.filter(x => x !== child); // Remove attachment\n\n      if (child.attachArray) {\n        parentInstance[child.attachArray] = parentInstance[child.attachArray].filter(x => x !== child);\n      } else if (child.attachObject) {\n        delete parentInstance[child.attachObject[0]][child.attachObject[1]];\n      } else if (child.attach) {\n        parentInstance[child.attach] = null;\n      }\n    } // Remove interactivity\n\n\n    if (child.__container) child.__container.__interaction = child.__container.__interaction.filter(x => x !== child);\n    invalidateInstance(child); // Allow objects to bail out of recursive dispose alltogether by passing dispose={null}\n\n    if (child.dispose !== null) {\n      (0, _scheduler.unstable_runWithPriority)(_scheduler.unstable_IdlePriority, () => {\n        // Remove nested child objects\n        removeRecursive(child.__objects, child);\n        removeRecursive(child.children, child, true); // Dispose item\n\n        if (child.dispose && child.type !== 'Scene') child.dispose();else if (child.__dispose) child.__dispose(); // Remove references\n\n        delete child.__container;\n        delete child.__objects;\n      });\n    }\n  }\n}\n\nfunction switchInstance(instance, type, newProps, fiber) {\n  const parent = instance.parent;\n  const newInstance = createInstance(type, newProps, instance.__container, null, fiber);\n  removeChild(parent, instance);\n  appendChild(parent, newInstance) // This evil hack switches the react-internal fiber node\n  // https://github.com/facebook/react/issues/14983\n  // https://github.com/facebook/react/pull/15021\n  ;\n  [fiber, fiber.alternate].forEach(fiber => {\n    if (fiber !== null) {\n      fiber.stateNode = newInstance;\n\n      if (fiber.ref) {\n        if (is.fun(fiber.ref)) fiber.ref(newInstance);else fiber.ref.current = newInstance;\n      }\n    }\n  });\n}\n\nconst Renderer = (0, _reactReconciler.default)({\n  now: _scheduler.unstable_now,\n  createInstance,\n  removeChild,\n  appendChild,\n  insertBefore,\n  warnsIfNotActing: true,\n  supportsMutation: true,\n  isPrimaryRenderer: false,\n  scheduleTimeout: is.fun(setTimeout) ? setTimeout : undefined,\n  cancelTimeout: is.fun(clearTimeout) ? clearTimeout : undefined,\n  // @ts-ignore\n  setTimeout: is.fun(setTimeout) ? setTimeout : undefined,\n  // @ts-ignore\n  clearTimeout: is.fun(clearTimeout) ? clearTimeout : undefined,\n  noTimeout: -1,\n  appendInitialChild: appendChild,\n  appendChildToContainer: appendChild,\n  removeChildFromContainer: removeChild,\n  insertInContainerBefore: insertBefore,\n\n  commitUpdate(instance, updatePayload, type, oldProps, newProps, fiber) {\n    if (instance.__instance && newProps.object && newProps.object !== instance) {\n      // <instance object={...} /> where the object reference has changed\n      switchInstance(instance, type, newProps, fiber);\n    } else {\n      // This is a data object, let's extract critical information about it\n      const {\n        args: argsNew = [],\n        ...restNew\n      } = newProps;\n      const {\n        args: argsOld = [],\n        ...restOld\n      } = oldProps; // If it has new props or arguments, then it needs to be re-instanciated\n\n      const hasNewArgs = argsNew.some((value, index) => is.obj(value) ? Object.entries(value).some(([key, val]) => val !== argsOld[index][key]) : value !== argsOld[index]);\n\n      if (hasNewArgs) {\n        // Next we create a new instance and append it again\n        switchInstance(instance, type, newProps, fiber);\n      } else {\n        // Otherwise just overwrite props\n        applyProps(instance, restNew, restOld, true);\n      }\n    }\n  },\n\n  hideInstance(instance) {\n    if (instance.isObject3D) {\n      instance.visible = false;\n      invalidateInstance(instance);\n    }\n  },\n\n  unhideInstance(instance, props) {\n    if (instance.isObject3D && props.visible == null || props.visible) {\n      instance.visible = true;\n      invalidateInstance(instance);\n    }\n  },\n\n  hideTextInstance() {\n    throw new Error('Text is not allowed in the react-three-fibre tree. You may have extraneous whitespace between components.');\n  },\n\n  getPublicInstance(instance) {\n    return instance;\n  },\n\n  getRootHostContext() {\n    return emptyObject;\n  },\n\n  getChildHostContext() {\n    return emptyObject;\n  },\n\n  createTextInstance() {},\n\n  finalizeInitialChildren(instance) {\n    // https://github.com/facebook/react/issues/20271\n    // Returning true will trigger commitMount\n    return instance.__handlers;\n  },\n\n  commitMount(instance)\n  /*, type, props*/\n  {\n    // https://github.com/facebook/react/issues/20271\n    // This will make sure events are only added once to the central container\n    const container = instance.__container;\n    if (container && instance.raycast && instance.__handlers) container.__interaction.push(instance);\n  },\n\n  prepareUpdate() {\n    return emptyObject;\n  },\n\n  shouldDeprioritizeSubtree() {\n    return false;\n  },\n\n  prepareForCommit() {\n    return null;\n  },\n\n  preparePortalMount() {\n    return null;\n  },\n\n  resetAfterCommit() {},\n\n  shouldSetTextContent() {\n    return false;\n  },\n\n  clearContainer() {\n    return false;\n  }\n\n});\nexports.Renderer = Renderer;\nconst hasSymbol = is.fun(Symbol) && Symbol.for;\nconst REACT_PORTAL_TYPE = hasSymbol ? Symbol.for('react.portal') : 0xeaca;\n\nfunction render(element, container, state) {\n  let root = roots.get(container);\n\n  if (!root) {\n    container.__state = state; // @ts-ignore\n\n    let newRoot = root = Renderer.createContainer(container, state !== undefined && state.current.concurrent ? 2 : 0, false, // @ts-ignore\n    null);\n    roots.set(container, newRoot);\n  }\n\n  Renderer.updateContainer(element, root, null, () => undefined);\n  return Renderer.getPublicRootInstance(root);\n}\n\nfunction unmountComponentAtNode(container, callback) {\n  const root = roots.get(container);\n\n  if (root) {\n    Renderer.updateContainer(null, root, null, () => {\n      roots.delete(container);\n      if (callback) callback(container);\n    });\n  }\n}\n\nfunction createPortal(children, containerInfo, implementation, key = null) {\n  if (!containerInfo.__objects) containerInfo.__objects = [];\n  return {\n    $$typeof: REACT_PORTAL_TYPE,\n    key: key == null ? null : '' + key,\n    children,\n    containerInfo,\n    implementation\n  };\n}\n\nRenderer.injectIntoDevTools({\n  bundleType: undefined === 'production' ? 0 : 1,\n  //@ts-ignore\n  findHostInstanceByFiber: () => null,\n  version: version,\n  rendererPackageName: name\n});\nvar threeTypes = /*#__PURE__*/Object.freeze({\n  __proto__: null\n});\nexports.ReactThreeFiber = threeTypes;\n\nfunction isOrthographicCamera(def) {\n  return def.isOrthographicCamera;\n}\n\nfunction makeId(event) {\n  return (event.eventObject || event.object).uuid + '/' + event.index;\n}\n\nconst stateContext = /*#__PURE__*/(0, _react.createContext)({});\nexports.stateContext = stateContext;\n\nconst useCanvas = props => {\n  const {\n    children,\n    gl,\n    camera,\n    orthographic,\n    raycaster,\n    size,\n    pixelRatio,\n    vr = false,\n    concurrent = false,\n    shadowMap = false,\n    colorManagement = true,\n    invalidateFrameloop = false,\n    updateDefaultCamera = true,\n    noEvents = false,\n    onCreated,\n    onPointerMissed,\n    forceResize\n  } = props; // Local, reactive state\n\n  const [ready, setReady] = (0, _react.useState)(false);\n  const [mouse] = (0, _react.useState)(() => new THREE.Vector2());\n  const [defaultRaycaster] = (0, _react.useState)(() => {\n    const ray = new THREE.Raycaster();\n\n    if (raycaster) {\n      const {\n        filter,\n        computeOffsets,\n        ...raycasterProps\n      } = raycaster;\n      applyProps(ray, raycasterProps, {});\n    }\n\n    return ray;\n  });\n  const [defaultScene] = (0, _react.useState)(() => {\n    const scene = new THREE.Scene();\n    scene.__interaction = [];\n    scene.__objects = [];\n    return scene;\n  });\n  const [defaultCam, setDefaultCamera] = (0, _react.useState)(() => {\n    const cam = orthographic ? new THREE.OrthographicCamera(0, 0, 0, 0, 0.1, 1000) : new THREE.PerspectiveCamera(75, 0, 0.1, 1000);\n    cam.position.z = 5;\n    if (camera) applyProps(cam, camera, {}); // Always look at [0, 0, 0]\n\n    cam.lookAt(0, 0, 0);\n    return cam;\n  });\n  const [clock] = (0, _react.useState)(() => new THREE.Clock()); // Public state\n\n  const state = (0, _react.useRef)({\n    ready: false,\n    active: true,\n    manual: 0,\n    colorManagement,\n    vr,\n    concurrent,\n    noEvents,\n    invalidateFrameloop: false,\n    frames: 0,\n    aspect: 0,\n    subscribers: [],\n    camera: defaultCam,\n    scene: defaultScene,\n    raycaster: defaultRaycaster,\n    mouse,\n    clock,\n    gl,\n    size,\n    viewport: null,\n    initialClick: [0, 0],\n    initialHits: [],\n    pointer: new _tinyEmitter.TinyEmitter(),\n    captured: undefined,\n    events: undefined,\n    subscribe: (ref, priority = 0) => {\n      // If this subscription was given a priority, it takes rendering into its own hands\n      // For that reason we switch off automatic rendering and increase the manual flag\n      // As long as this flag is positive (there could be multiple render subscription)\n      // ..there can be no internal rendering at all\n      if (priority) state.current.manual++;\n      state.current.subscribers.push({\n        ref,\n        priority: priority\n      }); // Sort layers from lowest to highest, meaning, highest priority renders last (on top of the other frames)\n\n      state.current.subscribers = state.current.subscribers.sort((a, b) => a.priority - b.priority);\n      return () => {\n        var _state$current;\n\n        if ((_state$current = state.current) == null ? void 0 : _state$current.subscribers) {\n          // Decrease manual flag if this subscription had a priority\n          if (priority) state.current.manual--;\n          state.current.subscribers = state.current.subscribers.filter(s => s.ref !== ref);\n        }\n      };\n    },\n    setDefaultCamera: camera => setDefaultCamera(camera),\n    invalidate: () => invalidate(state),\n    intersect: (event = {}, prepare = true) => handlePointerMove(event, prepare),\n    forceResize\n  });\n  const position = new THREE.Vector3();\n  const getCurrentViewport = (0, _react.useCallback)((camera = state.current.camera, target = new THREE.Vector3(0, 0, 0)) => {\n    const {\n      width,\n      height\n    } = state.current.size;\n    const distance = camera.getWorldPosition(position).distanceTo(target);\n\n    if (isOrthographicCamera(camera)) {\n      return {\n        width: width / camera.zoom,\n        height: height / camera.zoom,\n        factor: 1,\n        distance\n      };\n    } else {\n      const fov = camera.fov * Math.PI / 180; // convert vertical fov to radians\n\n      const h = 2 * Math.tan(fov / 2) * distance; // visible height\n\n      const w = h * (width / height);\n      return {\n        width: w,\n        height: h,\n        factor: width / w,\n        distance\n      };\n    }\n  }, []); // Writes locals into public state for distribution among subscribers, context, etc\n\n  (0, _react.useMemo)(() => {\n    state.current.ready = ready;\n    state.current.size = size;\n    state.current.camera = defaultCam;\n    state.current.invalidateFrameloop = invalidateFrameloop;\n    state.current.vr = vr;\n    state.current.gl = gl;\n    state.current.concurrent = concurrent;\n    state.current.noEvents = noEvents; // Make viewport backwards compatible\n\n    state.current.viewport = getCurrentViewport; // eslint-disable-next-line react-hooks/exhaustive-deps\n  }, [invalidateFrameloop, vr, concurrent, noEvents, ready, size, defaultCam, gl]); // Adjusts default camera\n\n  (0, _react.useMemo)(() => {\n    state.current.aspect = size.width / size.height; // Assign viewport props to the function\n\n    Object.assign(state.current.viewport, getCurrentViewport()); // https://github.com/drcmda/react-three-fiber/issues/92\n    // Sometimes automatic default camera adjustment isn't wanted behaviour\n\n    if (updateDefaultCamera) {\n      if (isOrthographicCamera(defaultCam)) {\n        defaultCam.left = size.width / -2;\n        defaultCam.right = size.width / 2;\n        defaultCam.top = size.height / 2;\n        defaultCam.bottom = size.height / -2;\n      } else {\n        defaultCam.aspect = state.current.aspect;\n      }\n\n      defaultCam.updateProjectionMatrix(); // https://github.com/react-spring/react-three-fiber/issues/178\n      // Update matrix world since the renderer is a frame late\n\n      defaultCam.updateMatrixWorld();\n    }\n\n    gl.setSize(size.width, size.height);\n    if (ready) invalidate(state); // eslint-disable-next-line react-hooks/exhaustive-deps\n  }, [defaultCam, gl, size, updateDefaultCamera, ready]); // Only trigger the context provider when necessary\n\n  const sharedState = (0, _react.useRef)(null);\n  (0, _react.useMemo)(() => {\n    const {\n      ready,\n      manual,\n      vr,\n      noEvents,\n      invalidateFrameloop,\n      frames,\n      subscribers,\n      captured,\n      initialClick,\n      initialHits,\n      ...props\n    } = state.current;\n    sharedState.current = props; // eslint-disable-next-line react-hooks/exhaustive-deps\n  }, [size, defaultCam]); // Update pixel ratio\n\n  (0, _react.useLayoutEffect)(() => {\n    if (pixelRatio) {\n      if (Array.isArray(pixelRatio)) gl.setPixelRatio(Math.max(Math.min(pixelRatio[0], window.devicePixelRatio), pixelRatio[1]));else gl.setPixelRatio(pixelRatio);\n    }\n  }, [gl, pixelRatio]); // Update shadow map\n\n  (0, _react.useLayoutEffect)(() => {\n    if (shadowMap) {\n      gl.shadowMap.enabled = true;\n      if (typeof shadowMap === 'object') Object.assign(gl.shadowMap, shadowMap);else gl.shadowMap.type = THREE.PCFSoftShadowMap;\n    }\n\n    if (colorManagement) {\n      gl.toneMapping = THREE.ACESFilmicToneMapping;\n      gl.outputEncoding = THREE.sRGBEncoding;\n    } // eslint-disable-next-line react-hooks/exhaustive-deps\n\n  }, [shadowMap, colorManagement]);\n  /** Events ------------------------------------------------------------------------------------------------ */\n\n  const hovered = (0, _react.useMemo)(() => new Map(), []);\n  const temp = new THREE.Vector3();\n  /** Sets up defaultRaycaster */\n\n  const prepareRay = (0, _react.useCallback)(event => {\n    // https://github.com/pmndrs/react-three-fiber/pull/782\n    // Events trigger outside of canvas when moved\n    const offsets = (raycaster == null ? void 0 : raycaster.computeOffsets == null ? void 0 : raycaster.computeOffsets(event, sharedState.current)) || event.nativeEvent;\n\n    if (offsets) {\n      const {\n        offsetX,\n        offsetY\n      } = offsets;\n      const {\n        width,\n        height\n      } = state.current.size;\n      mouse.set(offsetX / width * 2 - 1, -(offsetY / height) * 2 + 1);\n      defaultRaycaster.setFromCamera(mouse, state.current.camera);\n    } // eslint-disable-next-line react-hooks/exhaustive-deps\n\n  }, []);\n  /** Intersects interaction objects using the event input */\n\n  const intersect = (0, _react.useCallback)(filter => {\n    // Skip event handling when noEvents is set\n    if (state.current.noEvents) return [];\n    const seen = new Set();\n    const hits = []; // Allow callers to eliminate event objects\n\n    const eventsObjects = filter ? filter(state.current.scene.__interaction) : state.current.scene.__interaction; // Intersect known handler objects and filter against duplicates\n\n    let intersects = defaultRaycaster.intersectObjects(eventsObjects, true).filter(item => {\n      const id = makeId(item);\n      if (seen.has(id)) return false;\n      seen.add(id);\n      return true;\n    }); // https://github.com/mrdoob/three.js/issues/16031\n    // Allow custom userland intersect sort order\n\n    if (raycaster && raycaster.filter && sharedState.current) {\n      intersects = raycaster.filter(intersects, sharedState.current);\n    }\n\n    for (const intersect of intersects) {\n      let eventObject = intersect.object; // Bubble event up\n\n      while (eventObject) {\n        const handlers = eventObject.__handlers;\n        if (handlers) hits.push({ ...intersect,\n          eventObject\n        });\n        eventObject = eventObject.parent;\n      }\n    }\n\n    return hits;\n  }, // eslint-disable-next-line react-hooks/exhaustive-deps\n  []);\n  /**  Calculates click deltas */\n\n  const calculateDistance = (0, _react.useCallback)(event => {\n    const dx = event.nativeEvent.offsetX - state.current.initialClick[0];\n    const dy = event.nativeEvent.offsetY - state.current.initialClick[1];\n    return Math.round(Math.sqrt(dx * dx + dy * dy));\n  }, []);\n  const handlePointerCancel = (0, _react.useCallback)((event, hits, prepare = true) => {\n    state.current.pointer.emit('pointerCancel', event);\n    if (prepare) prepareRay(event);\n    Array.from(hovered.values()).forEach(hoveredObj => {\n      // When no objects were hit or the the hovered object wasn't found underneath the cursor\n      // we call onPointerOut and delete the object from the hovered-elements map\n      if (hits && (!hits.length || !hits.find(hit => hit.object === hoveredObj.object && hit.index === hoveredObj.index))) {\n        const eventObject = hoveredObj.eventObject;\n        const handlers = eventObject.__handlers;\n        hovered.delete(makeId(hoveredObj));\n\n        if (handlers) {\n          // Clear out intersects, they are outdated by now\n          const data = { ...hoveredObj,\n            intersections: hits || []\n          };\n          if (handlers.pointerOut) handlers.pointerOut({ ...data,\n            type: 'pointerout'\n          });\n          if (handlers.pointerLeave) handlers.pointerLeave({ ...data,\n            type: 'pointerleave'\n          });\n        }\n      }\n    }); // eslint-disable-next-line react-hooks/exhaustive-deps\n  }, []);\n  /**  Creates filtered intersects and returns an array of positive hits */\n\n  const getIntersects = (0, _react.useCallback)((event, filter) => {\n    // Get fresh intersects\n    const intersections = intersect(filter); // If the interaction is captured take that into account, the captured event has to be part of the intersects\n\n    if (state.current.captured && event.type !== 'click' && event.type !== 'wheel') {\n      state.current.captured.forEach(captured => {\n        if (!intersections.find(hit => hit.eventObject === captured.eventObject)) intersections.push(captured);\n      });\n    }\n\n    return intersections;\n  }, // eslint-disable-next-line react-hooks/exhaustive-deps\n  []);\n  /**  Handles intersections by forwarding them to handlers */\n\n  const handleIntersects = (0, _react.useCallback)((intersections, event, fn) => {\n    // If anything has been found, forward it to the event listeners\n    if (intersections.length) {\n      const unprojectedPoint = temp.set(mouse.x, mouse.y, 0).unproject(state.current.camera);\n      const delta = event.type === 'click' ? calculateDistance(event) : 0;\n\n      const releasePointerCapture = id => event.target.releasePointerCapture(id);\n\n      const localState = {\n        stopped: false,\n        captured: false\n      };\n\n      for (const hit of intersections) {\n        const setPointerCapture = id => {\n          // If the hit is going to be captured flag that we're in captured state\n          if (!localState.captured) {\n            localState.captured = true; // The captured hit array is reset to collect hits\n\n            state.current.captured = [];\n          } // Push hits to the array\n\n\n          if (state.current.captured) {\n            state.current.captured.push(hit);\n          } // Call the original event now\n\n\n          event.target.setPointerCapture(id);\n        };\n\n        const raycastEvent = { ...event,\n          ...hit,\n          intersections,\n          stopped: localState.stopped,\n          delta,\n          unprojectedPoint,\n          ray: defaultRaycaster.ray,\n          camera: state.current.camera,\n          // Hijack stopPropagation, which just sets a flag\n          stopPropagation: () => {\n            // https://github.com/react-spring/react-three-fiber/issues/596\n            // Events are not allowed to stop propagation if the pointer has been captured\n            const cap = state.current.captured;\n\n            if (!cap || cap.find(h => h.eventObject.id === hit.eventObject.id)) {\n              raycastEvent.stopped = localState.stopped = true; // Propagation is stopped, remove all other hover records\n              // An event handler is only allowed to flush other handlers if it is hovered itself\n\n              if (hovered.size && Array.from(hovered.values()).find(i => i.eventObject === hit.eventObject)) {\n                // Objects cannot flush out higher up objects that have already caught the event\n                const higher = intersections.slice(0, intersections.indexOf(hit));\n                handlePointerCancel(raycastEvent, [...higher, hit]);\n              }\n            }\n          },\n          target: { ...event.target,\n            setPointerCapture,\n            releasePointerCapture\n          },\n          currentTarget: { ...event.currentTarget,\n            setPointerCapture,\n            releasePointerCapture\n          },\n          sourceEvent: event\n        };\n        fn(raycastEvent); // Event bubbling may be interrupted by stopPropagation\n\n        if (localState.stopped === true) break;\n      }\n    }\n\n    return intersections;\n  }, // eslint-disable-next-line react-hooks/exhaustive-deps\n  []);\n  const handlePointerMove = (0, _react.useCallback)((event, prepare = true) => {\n    state.current.pointer.emit('pointerMove', event);\n    if (prepare) prepareRay(event);\n    const hits = getIntersects(event, // This is onPointerMove, we're only interested in events that exhibit this particular event\n    objects => objects.filter(obj => ['Move', 'Over', 'Enter', 'Out', 'Leave'].some(name => obj.__handlers['pointer' + name]))); // Take care of unhover\n\n    handlePointerCancel(event, hits);\n    handleIntersects(hits, event, data => {\n      const eventObject = data.eventObject;\n      const handlers = eventObject.__handlers; // Check presence of handlers\n\n      if (!handlers) return; // Check if mouse enter or out is present\n\n      if (handlers.pointerOver || handlers.pointerEnter || handlers.pointerOut || handlers.pointerLeave) {\n        const id = makeId(data);\n        const hoveredItem = hovered.get(id);\n\n        if (!hoveredItem) {\n          // If the object wasn't previously hovered, book it and call its handler\n          hovered.set(id, data);\n          if (handlers.pointerOver) handlers.pointerOver({ ...data,\n            type: 'pointerover'\n          });\n          if (handlers.pointerEnter) handlers.pointerEnter({ ...data,\n            type: 'pointerenter'\n          });\n        } else if (hoveredItem.stopped) {\n          // If the object was previously hovered and stopped, we shouldn't allow other items to proceed\n          data.stopPropagation();\n        }\n      } // Call mouse move\n\n\n      if (handlers.pointerMove) handlers.pointerMove(data);\n    });\n    return hits; // eslint-disable-next-line react-hooks/exhaustive-deps\n  }, []);\n  const handlePointer = (0, _react.useCallback)(name => (event, prepare = true) => {\n    state.current.pointer.emit(name, event);\n    if (prepare) prepareRay(event);\n    const hits = getIntersects(event);\n    handleIntersects(hits, event, data => {\n      const eventObject = data.eventObject;\n      const handlers = eventObject.__handlers;\n\n      if (handlers && handlers[name]) {\n        // Forward all events back to their respective handlers with the exception of click events,\n        // which must use the initial target\n        if (name !== 'click' && name !== 'contextMenu' && name !== 'doubleClick' || state.current.initialHits.includes(eventObject)) {\n          handlers[name](data);\n          pointerMissed(event, defaultScene.__interaction, object => object !== eventObject);\n        }\n      }\n    }); // If a click yields no results, pass it back to the user as a miss\n\n    if (name === 'pointerDown') {\n      state.current.initialClick = [event.nativeEvent.offsetX, event.nativeEvent.offsetY];\n      state.current.initialHits = hits.map(hit => hit.eventObject);\n    }\n\n    if ((name === 'click' || name === 'contextMenu' || name === 'doubleClick') && !hits.length) {\n      if (calculateDistance(event) <= 2) {\n        pointerMissed(event, defaultScene.__interaction);\n        if (onPointerMissed) onPointerMissed();\n      }\n    }\n  }, // eslint-disable-next-line react-hooks/exhaustive-deps\n  [onPointerMissed, calculateDistance, getIntersects, handleIntersects, prepareRay]);\n  (0, _react.useMemo)(() => {\n    state.current.events = {\n      onClick: handlePointer('click'),\n      onContextMenu: handlePointer('contextMenu'),\n      onDoubleClick: handlePointer('doubleClick'),\n      onWheel: handlePointer('wheel'),\n      onPointerDown: handlePointer('pointerDown'),\n      onPointerUp: handlePointer('pointerUp'),\n      onPointerLeave: e => handlePointerCancel(e, []),\n      onPointerMove: handlePointerMove,\n      // onGotPointerCapture is not needed any longer because the behaviour is hacked into\n      // the event itself (see handleIntersects). But in order for non-web targets to simulate\n      // it we keep the legacy event, which simply flags all current intersects as captured\n      onGotPointerCaptureLegacy: e => state.current.captured = intersect(e),\n      onLostPointerCapture: e => (state.current.captured = undefined, handlePointerCancel(e))\n    };\n  }, [handlePointer, intersect, handlePointerCancel, handlePointerMove]);\n  /** Events ------------------------------------------------------------------------------------------------- */\n  // This component is a bridge into the three render context, when it gets rendered\n  // we know we are ready to compile shaders, call subscribers, etc\n\n  const Canvas = (0, _react.useCallback)(function Canvas(props) {\n    const activate = () => setReady(true); // Pre-compile all materials before rendering out the first time\n\n\n    (0, _react.useLayoutEffect)(() => void gl.compile(defaultScene, defaultCam), []);\n    (0, _react.useEffect)(() => {\n      const result = onCreated && onCreated(state.current);\n      if (result && result.then) result.then(activate);else activate();\n    }, []);\n    return props.children;\n  }, // The Canvas component has to be static, it should not be re-created ever\n  // eslint-disable-next-line react-hooks/exhaustive-deps\n  []); // Render v-dom into scene\n\n  (0, _react.useLayoutEffect)(() => {\n    render( /*#__PURE__*/(0, _react.createElement)(Canvas, null, /*#__PURE__*/(0, _react.createElement)(stateContext.Provider, {\n      value: sharedState.current\n    }, typeof children === 'function' ? children(state.current) : children)), defaultScene, state); // eslint-disable-next-line react-hooks/exhaustive-deps\n  }, [ready, children, sharedState.current]);\n  (0, _react.useLayoutEffect)(() => {\n    if (ready) {\n      // Start render-loop, either via RAF or setAnimationLoop for VR\n      if (!state.current.vr) {\n        if (state.current.frames === 0) invalidate(state);\n      } else if ((gl.xr || gl.vr) && gl.setAnimationLoop) {\n        (gl.xr || gl.vr).enabled = true;\n        gl.setAnimationLoop(t => renderGl(state, t, 0, true));\n      } else {\n        console.warn('the gl instance does not support VR!');\n      }\n    }\n  }, [gl, ready, invalidateFrameloop]); // Dispose renderer on unmount\n\n  (0, _react.useEffect)(() => () => {\n    if (state.current.gl) {\n      if (state.current.gl.renderLists) state.current.gl.renderLists.dispose();\n      if (state.current.gl.forceContextLoss) state.current.gl.forceContextLoss();\n      dispose(state.current.gl);\n    }\n\n    unmountComponentAtNode(state.current.scene, () => {\n      dispose(state.current.raycaster);\n      dispose(state.current.camera);\n      dispose(state.current);\n    });\n  }, []);\n  return state.current.events;\n};\n\nexports.useCanvas = useCanvas;\n\nfunction pointerMissed(event, objects, filter = object => true) {\n  objects.filter(filter).forEach(object => {\n    var _handlers$pointerMis, _handlers;\n\n    return (_handlers$pointerMis = (_handlers = object.__handlers).pointerMissed) == null ? void 0 : _handlers$pointerMis.call(_handlers, event);\n  });\n}\n\nfunction dispose(obj) {\n  if (obj.dispose && obj.type !== 'Scene') obj.dispose();\n\n  for (const p in obj) {\n    if (typeof p === 'object' && p.dispose) p.dispose();\n    delete obj[p];\n  }\n}\n\nfunction useContext(context) {\n  let result = (0, _react.useContext)(context);\n\n  if (!('subscribe' in result)) {\n    throw new Error(`⚡️ react-three-fiber hooks can only be used within the Canvas component! https://github.com/pmndrs/react-three-fiber/blob/master/markdown/api.md#hooks`);\n  }\n\n  return result;\n}\n\nfunction useFrame(callback, renderPriority = 0) {\n  const {\n    subscribe\n  } = useContext(stateContext); // Update ref\n\n  const ref = (0, _react.useRef)(callback);\n  (0, _react.useLayoutEffect)(() => void (ref.current = callback), [callback]); // Subscribe/unsub\n\n  (0, _react.useEffect)(() => {\n    const unsubscribe = subscribe(ref, renderPriority);\n    return () => unsubscribe();\n  }, [renderPriority, subscribe]);\n  return null;\n}\n\nfunction useThree() {\n  return useContext(stateContext);\n}\n\nfunction useUpdate(callback, dependents, optionalRef) {\n  const {\n    invalidate\n  } = useContext(stateContext);\n  const localRef = (0, _react.useRef)();\n  const ref = optionalRef ? optionalRef : localRef;\n  (0, _react.useLayoutEffect)(() => {\n    if (ref.current) {\n      callback(ref.current);\n      invalidate();\n    }\n  }, dependents); // eslint-disable-line react-hooks/exhaustive-deps\n\n  return ref;\n}\n\nfunction useResource(optionalRef) {\n  const [_, forceUpdate] = (0, _react.useState)(false);\n  const localRef = (0, _react.useRef)(undefined);\n  const ref = optionalRef ? optionalRef : localRef;\n  (0, _react.useLayoutEffect)(() => void forceUpdate(i => !i), []);\n  return ref;\n}\n\nfunction buildGraph(object) {\n  const data = {\n    nodes: {},\n    materials: {}\n  };\n\n  if (object) {\n    object.traverse(obj => {\n      if (obj.name) data.nodes[obj.name] = obj;\n      if (obj.material && !data.materials[obj.material.name]) data.materials[obj.material.name] = obj.material;\n    });\n  }\n\n  return data;\n}\n\nfunction useGraph(object) {\n  return (0, _react.useMemo)(() => buildGraph(object), [object]);\n}\n\nfunction loadingFn(extensions, onProgress) {\n  return function (Proto, ...input) {\n    // Construct new loader and run extensions\n    const loader = new Proto();\n    if (extensions) extensions(loader); // Go through the urls and load them\n\n    return Promise.all(input.map(input => new Promise((res, reject) => loader.load(input, data => {\n      if (data.scene) Object.assign(data, buildGraph(data.scene));\n      res(data);\n    }, onProgress, error => {\n      var _error$message;\n\n      return reject((_error$message = error.message) != null ? _error$message : `failure loading ${input}`);\n    }))));\n  };\n}\n\nfunction useLoader(Proto, input, extensions, onProgress) {\n  // Use suspense to load async assets\n  const keys = Array.isArray(input) ? input : [input];\n  const results = (0, _useAsset.useAsset)(loadingFn(extensions, onProgress), Proto, ...keys); // Return the object/s\n\n  return Array.isArray(input) ? results : results[0];\n}\n\nuseLoader.preload = function (Proto, input, extensions) {\n  const keys = Array.isArray(input) ? input : [input];\n  return _useAsset.useAsset.preload(loadingFn(extensions), Proto, ...keys);\n};\n\nconst defaultStyles = {\n  position: 'relative',\n  width: '100%',\n  height: '100%',\n  overflow: 'hidden'\n};\n\nfunction Content({\n  children,\n  setEvents,\n  container,\n  renderer,\n  effects,\n  ...props\n}) {\n  // Create renderer\n  const [gl] = (0, _react.useState)(renderer);\n  if (!gl) console.warn('No renderer created!'); // Mount and unmount management\n\n  (0, _react.useEffect)(() => {\n    if (effects) effects(gl, container);\n  }, [container, effects, gl]); // Init canvas, fetch events, hand them back to the wrapping div\n\n  const events = useCanvas({ ...props,\n    children,\n    gl: gl\n  });\n  (0, _react.useEffect)(() => {\n    setEvents(events);\n  }, [events, setEvents]);\n  return null;\n}\n\nconst ResizeContainer = /*#__PURE__*/_react.default.memo(function ResizeContainer(props) {\n  const {\n    renderer,\n    effects,\n    children,\n    vr,\n    webgl1,\n    concurrent,\n    shadowMap,\n    colorManagement,\n    orthographic,\n    invalidateFrameloop,\n    updateDefaultCamera,\n    noEvents,\n    gl,\n    camera,\n    raycaster,\n    pixelRatio,\n    onCreated,\n    onPointerMissed,\n    preRender,\n    resize,\n    style,\n    ...restSpread\n  } = props;\n  const containerRef = (0, _react.useRef)(); // onGotPointerCaptureLegacy is a fake event used by non-web targets to simulate poinzter capture\n\n  const [{\n    onGotPointerCaptureLegacy,\n    ...events\n  }, setEvents] = (0, _react.useState)({});\n  const [bind, size, forceResize] = (0, _reactUseMeasure.default)({\n    scroll: true,\n    debounce: {\n      scroll: 50,\n      resize: 0\n    },\n    ...resize\n  }); // Flag view ready once it's been measured out\n\n  const readyFlag = (0, _react.useRef)(false);\n  const ready = (0, _react.useMemo)(() => readyFlag.current = readyFlag.current || !!size.width && !!size.height, [size]);\n  const state = (0, _react.useMemo)(() => ({\n    size,\n    forceResize,\n    setEvents,\n    container: containerRef.current\n  }), [forceResize, size]); // Allow Gatsby, Next and other server side apps to run. Will output styles to reduce flickering.\n\n  if (typeof window === 'undefined') return /*#__PURE__*/_react.default.createElement(\"div\", (0, _extends2.default)({\n    style: { ...defaultStyles,\n      ...style\n    }\n  }, restSpread), preRender); // Render the canvas into the dom\n\n  return /*#__PURE__*/_react.default.createElement(\"div\", (0, _extends2.default)({\n    ref: (0, _reactMergeRefs.default)([bind, containerRef]),\n    style: { ...defaultStyles,\n      ...style\n    }\n  }, events, restSpread), preRender, ready && /*#__PURE__*/_react.default.createElement(Content, (0, _extends2.default)({}, props, state)));\n});\n\nexports.ResizeContainer = ResizeContainer;\n\nconst Canvas = /*#__PURE__*/_react.default.memo(function Canvas({\n  children,\n  ...props\n}) {\n  const canvasRef = (0, _react.useRef)();\n  const renderer = props.webgl1 ? THREE.WebGL1Renderer : THREE.WebGLRenderer;\n  return /*#__PURE__*/_react.default.createElement(ResizeContainer, (0, _extends2.default)({}, props, {\n    renderer: () => {\n      if (canvasRef.current) {\n        const params = {\n          antialias: true,\n          alpha: true,\n          ...props.gl\n        };\n        const temp = new renderer({\n          powerPreference: 'high-performance',\n          //stencil: false,\n          //depth: false,\n          canvas: canvasRef.current,\n          ...params\n        });\n        return temp;\n      }\n    },\n    preRender: /*#__PURE__*/_react.default.createElement(\"canvas\", {\n      ref: canvasRef,\n      style: {\n        display: 'block'\n      }\n    })\n  }), children);\n});\n\nexports.Canvas = Canvas;"},"sourceMaps":null,"error":null,"hash":"1f77f13fa141e84b6eb8cd5bc7eaa099","cacheData":{"env":{}}}