{"id":"../../node_modules/@babel/runtime/helpers/esm/extends.js","dependencies":[{"name":"/Users/wonglok/Downloads/aa/a1/package.json","includedInParent":true,"mtime":1612071036692},{"name":"/Users/wonglok/Downloads/aa/a1/node_modules/@babel/runtime/helpers/esm/package.json","includedInParent":true,"mtime":1605821598141}],"generated":{"js":"\"use strict\";\n\nObject.defineProperty(exports, \"__esModule\", {\n  value: true\n});\nexports.default = _extends;\n\nfunction _extends() {\n  exports.default = _extends = Object.assign || function (target) {\n    for (var i = 1; i < arguments.length; i++) {\n      var source = arguments[i];\n\n      for (var key in source) {\n        if (Object.prototype.hasOwnProperty.call(source, key)) {\n          target[key] = source[key];\n        }\n      }\n    }\n\n    return target;\n  };\n\n  return _extends.apply(this, arguments);\n}"},"sourceMaps":null,"error":null,"hash":"171ddd1ddea4c098538b8c9cf1aabfb8","cacheData":{"env":{}}}