{"id":"../../node_modules/react-merge-refs/dist/react-merge-refs.esm.js","dependencies":[{"name":"/Users/wonglok/Downloads/aa/a1/package.json","includedInParent":true,"mtime":1612071036692},{"name":"/Users/wonglok/Downloads/aa/a1/node_modules/react-merge-refs/package.json","includedInParent":true,"mtime":1608334535690}],"generated":{"js":"\"use strict\";\n\nObject.defineProperty(exports, \"__esModule\", {\n  value: true\n});\nexports.default = void 0;\n\nfunction mergeRefs(refs) {\n  return function (value) {\n    refs.forEach(function (ref) {\n      if (typeof ref === \"function\") {\n        ref(value);\n      } else if (ref != null) {\n        ref.current = value;\n      }\n    });\n  };\n}\n\nvar _default = mergeRefs;\nexports.default = _default;"},"sourceMaps":null,"error":null,"hash":"5880b3d42d7442b47f064947408a6849","cacheData":{"env":{}}}