{"id":"../../node_modules/lowdb/adapters/_stringify.js","dependencies":[{"name":"/Users/wonglok/Downloads/aa/a1/package.json","includedInParent":true,"mtime":1611718168415},{"name":"/Users/wonglok/Downloads/aa/a1/node_modules/lowdb/package.json","includedInParent":true,"mtime":1611716355038},{"name":"/Users/wonglok/Downloads/aa/a1/node_modules/lowdb/.babelrc","includedInParent":true,"mtime":1503444767000}],"generated":{"js":"\"use strict\";module.exports=function(t){return JSON.stringify(t,null,2)};"},"sourceMaps":null,"error":null,"hash":"b7e782f6089c5edfca2e8e51af863024","cacheData":{"env":{}}}