{"id":"../../node_modules/react-use-measure/dist/web.js","dependencies":[{"name":"/Users/wonglok/Downloads/aa/a1/package.json","includedInParent":true,"mtime":1612071036692},{"name":"/Users/wonglok/Downloads/aa/a1/node_modules/react-use-measure/package.json","includedInParent":true,"mtime":1608334535724},{"name":"react","loc":{"line":1,"column":53},"parent":"/Users/wonglok/Downloads/aa/a1/node_modules/react-use-measure/dist/web.js","resolved":"/Users/wonglok/Downloads/aa/a1/node_modules/react/index.js"},{"name":"debounce","loc":{"line":2,"column":25},"parent":"/Users/wonglok/Downloads/aa/a1/node_modules/react-use-measure/dist/web.js","resolved":"/Users/wonglok/Downloads/aa/a1/node_modules/debounce/index.js"}],"generated":{"js":"\"use strict\";\n\nObject.defineProperty(exports, \"__esModule\", {\n  value: true\n});\nexports.default = void 0;\n\nvar _react = require(\"react\");\n\nvar _debounce = require(\"debounce\");\n\nfunction useMeasure({\n  debounce: debounce$1,\n  scroll,\n  polyfill\n} = {\n  debounce: 0,\n  scroll: false\n}) {\n  const ResizeObserver = polyfill || (typeof window === 'undefined' ? class ResizeObserver {} : window.ResizeObserver);\n\n  if (!ResizeObserver) {\n    throw new Error('This browser does not support ResizeObserver out of the box. See: https://github.com/react-spring/react-use-measure/#resize-observer-polyfills');\n  }\n\n  const [bounds, set] = (0, _react.useState)({\n    left: 0,\n    top: 0,\n    width: 0,\n    height: 0,\n    bottom: 0,\n    right: 0,\n    x: 0,\n    y: 0\n  }); // keep all state in a ref\n\n  const state = (0, _react.useRef)({\n    element: null,\n    scrollContainers: null,\n    resizeObserver: null,\n    lastBounds: bounds\n  }); // set actual debounce values early, so effects know if they should react accordingly\n\n  const scrollDebounce = debounce$1 ? typeof debounce$1 === 'number' ? debounce$1 : debounce$1.scroll : null;\n  const resizeDebounce = debounce$1 ? typeof debounce$1 === 'number' ? debounce$1 : debounce$1.resize : null; // make sure to update state only as long as the component is truly mounted\n\n  const mounted = (0, _react.useRef)(false);\n  (0, _react.useEffect)(() => {\n    mounted.current = true;\n    return () => void (mounted.current = false);\n  }); // memoize handlers, so event-listeners know when they should update\n\n  const [forceRefresh, resizeChange, scrollChange] = (0, _react.useMemo)(() => {\n    const callback = () => {\n      if (!state.current.element) return;\n      const {\n        left,\n        top,\n        width,\n        height,\n        bottom,\n        right,\n        x,\n        y\n      } = state.current.element.getBoundingClientRect();\n      const size = {\n        left,\n        top,\n        width,\n        height,\n        bottom,\n        right,\n        x,\n        y\n      };\n      Object.freeze(size);\n      if (mounted.current && !areBoundsEqual(state.current.lastBounds, size)) set(state.current.lastBounds = size);\n    };\n\n    return [callback, resizeDebounce ? (0, _debounce.debounce)(callback, resizeDebounce) : callback, scrollDebounce ? (0, _debounce.debounce)(callback, scrollDebounce) : callback];\n  }, [set, scrollDebounce, resizeDebounce]); // cleanup current scroll-listeners / observers\n\n  function removeListeners() {\n    if (state.current.scrollContainers) {\n      state.current.scrollContainers.forEach(element => element.removeEventListener('scroll', scrollChange, true));\n      state.current.scrollContainers = null;\n    }\n\n    if (state.current.resizeObserver) {\n      state.current.resizeObserver.disconnect();\n      state.current.resizeObserver = null;\n    }\n  } // add scroll-listeners / observers\n\n\n  function addListeners() {\n    if (!state.current.element) return;\n    state.current.resizeObserver = new ResizeObserver(scrollChange);\n    state.current.resizeObserver.observe(state.current.element);\n\n    if (scroll && state.current.scrollContainers) {\n      state.current.scrollContainers.forEach(scrollContainer => scrollContainer.addEventListener('scroll', scrollChange, {\n        capture: true,\n        passive: true\n      }));\n    }\n  } // the ref we expose to the user\n\n\n  const ref = node => {\n    if (!node || node === state.current.element) return;\n    removeListeners();\n    state.current.element = node;\n    state.current.scrollContainers = findScrollContainers(node);\n    addListeners();\n  }; // add general event listeners\n\n\n  useOnWindowScroll(scrollChange, Boolean(scroll));\n  useOnWindowResize(resizeChange); // respond to changes that are relevant for the listeners\n\n  (0, _react.useEffect)(() => {\n    removeListeners();\n    addListeners();\n  }, [scroll, scrollChange, resizeChange]); // remove all listeners when the components unmounts\n\n  (0, _react.useEffect)(() => removeListeners, []);\n  return [ref, bounds, forceRefresh];\n} // Adds native resize listener to window\n\n\nfunction useOnWindowResize(onWindowResize) {\n  (0, _react.useEffect)(() => {\n    const cb = onWindowResize;\n    window.addEventListener('resize', cb);\n    return () => void window.removeEventListener('resize', cb);\n  }, [onWindowResize]);\n}\n\nfunction useOnWindowScroll(onScroll, enabled) {\n  (0, _react.useEffect)(() => {\n    if (enabled) {\n      const cb = onScroll;\n      window.addEventListener('scroll', cb, {\n        capture: true,\n        passive: true\n      });\n      return () => void window.removeEventListener('scroll', cb, true);\n    }\n  }, [onScroll, enabled]);\n} // Returns a list of scroll offsets\n\n\nfunction findScrollContainers(element) {\n  const result = [];\n  if (!element || element === document.body) return result;\n  const {\n    overflow,\n    overflowX,\n    overflowY\n  } = window.getComputedStyle(element);\n  if ([overflow, overflowX, overflowY].some(prop => prop === 'auto' || prop === 'scroll')) result.push(element);\n  return [...result, ...findScrollContainers(element.parentElement)];\n} // Checks if element boundaries are equal\n\n\nconst keys = ['x', 'y', 'top', 'bottom', 'left', 'right', 'width', 'height'];\n\nconst areBoundsEqual = (a, b) => keys.every(key => a[key] === b[key]);\n\nif (typeof module !== 'undefined' && Object.getOwnPropertyDescriptor && Object.getOwnPropertyDescriptor(module, 'exports').writable) {\n  module.exports = useMeasure;\n}\n\nvar _default = useMeasure;\nexports.default = _default;"},"sourceMaps":null,"error":null,"hash":"218fab3046505d7286e0f1efa18374f5","cacheData":{"env":{}}}