{"id":"../../node_modules/use-asset/dist/index.js","dependencies":[{"name":"/Users/wonglok/Downloads/aa/a1/package.json","includedInParent":true,"mtime":1612071036692},{"name":"/Users/wonglok/Downloads/aa/a1/node_modules/use-asset/package.json","includedInParent":true,"mtime":1611610088026},{"name":"react","loc":{"line":1,"column":24},"parent":"/Users/wonglok/Downloads/aa/a1/node_modules/use-asset/dist/index.js","resolved":"/Users/wonglok/Downloads/aa/a1/node_modules/react/index.js"},{"name":"fast-deep-equal","loc":{"line":2,"column":22},"parent":"/Users/wonglok/Downloads/aa/a1/node_modules/use-asset/dist/index.js","resolved":"/Users/wonglok/Downloads/aa/a1/node_modules/fast-deep-equal/index.js"}],"generated":{"js":"\"use strict\";\n\nObject.defineProperty(exports, \"__esModule\", {\n  value: true\n});\nexports.createAsset = createAsset;\nexports.useAsset = useAsset;\n\nvar _react = require(\"react\");\n\nvar _fastDeepEqual = _interopRequireDefault(require(\"fast-deep-equal\"));\n\nfunction _interopRequireDefault(obj) { return obj && obj.__esModule ? obj : { default: obj }; }\n\nconst globalCache = [];\n\nfunction handleAsset(fn, cache, args, lifespan = 0, preload = false) {\n  for (const entry of cache) {\n    // Find a match\n    if ((0, _fastDeepEqual.default)(args, entry.args)) {\n      // If we're pre-loading and the element is present, just return\n      if (preload) return; // If an error occurred, throw\n\n      if (entry.error) throw entry.error; // If a response was successful, return\n\n      if (entry.response) return entry.response; // If the promise is still unresolved, throw\n\n      throw entry.promise;\n    }\n  } // The request is new or has changed.\n\n\n  const entry = {\n    args,\n    promise: // Make the promise request.\n    fn(...args) // Response can't be undefined or else the loop above wouldn't be able to return it\n    // This is for promises that do not return results (delays for instance)\n    .then(response => entry.response = response != null ? response : true).catch(e => entry.error = e != null ? e : 'unknown error').then(() => {\n      if (lifespan > 0) {\n        setTimeout(() => {\n          const index = cache.indexOf(entry);\n          if (index !== -1) cache.splice(index, 1);\n        }, lifespan);\n      }\n    })\n  };\n  cache.push(entry);\n  if (!preload) throw entry.promise;\n}\n\nfunction clear(cache, ...args) {\n  if (args === undefined) cache.splice(0, cache.length);else {\n    const entry = cache.find(entry => (0, _fastDeepEqual.default)(args, entry.args));\n\n    if (entry) {\n      const index = cache.indexOf(entry);\n      if (index !== -1) cache.splice(index, 1);\n    }\n  }\n}\n\nfunction createAsset(fn, lifespan = 0) {\n  const cache = [];\n  return {\n    /**\n     * @throws Suspense Promise if asset is not yet ready\n     * @throws Error if the promise rejected for some reason\n     */\n    read: (...args) => handleAsset(fn, cache, args, lifespan),\n    preload: (...args) => void handleAsset(fn, cache, args, lifespan, true),\n    clear: (...args) => clear(cache, ...args),\n    peek: (...args) => {\n      var _cache$find;\n\n      return (_cache$find = cache.find(entry => (0, _fastDeepEqual.default)(args, entry.args))) == null ? void 0 : _cache$find.response;\n    }\n  };\n}\n\nfunction useAsset(fn, ...args) {\n  return (0, _react.useMemo)(() => handleAsset(fn, globalCache, args, useAsset.lifespan), args);\n}\n\nuseAsset.lifespan = 0;\n\nuseAsset.clear = (...args) => clear(globalCache, ...args);\n\nuseAsset.preload = (fn, ...args) => void handleAsset(fn, globalCache, args, useAsset.lifespan, true);\n\nuseAsset.peek = (...args) => {\n  var _globalCache$find;\n\n  return (_globalCache$find = globalCache.find(entry => (0, _fastDeepEqual.default)(args, entry.args))) == null ? void 0 : _globalCache$find.response;\n};"},"sourceMaps":null,"error":null,"hash":"cdb507d7ec1c6c34c5d60d1f7c033203","cacheData":{"env":{}}}