{"id":"boxes/core.js","dependencies":[{"name":"/Users/wonglok/Downloads/aa/a1/package.json","includedInParent":true,"mtime":1612044016324},{"name":"moment","loc":{"line":2,"column":21},"parent":"/Users/wonglok/Downloads/aa/a1/src/js/boxes/core.js","resolved":"/Users/wonglok/Downloads/aa/a1/node_modules/moment/moment.js"}],"generated":{"js":"\"use strict\";\n\nObject.defineProperty(exports, \"__esModule\", {\n  value: true\n});\nexports.default = void 0;\n\nvar _moment = _interopRequireDefault(require(\"moment\"));\n\nfunction _interopRequireDefault(obj) { return obj && obj.__esModule ? obj : { default: obj }; }\n\nvar _default = function _default() {\n  console.log('core.js', (0, _moment.default)().calendar());\n  return (0, _moment.default)().calendar() + 'core' + Math.random();\n};\n\nexports.default = _default;"},"sourceMaps":null,"error":null,"hash":"798a9118c23b000cf06fd2ec840cf2e6","cacheData":{"env":{}}}