{"id":"../../node_modules/react/index.js","dependencies":[{"name":"/Volumes/Data/DataCore/WONGLOK/CodeClients/NewLokLok/effectnode-electron/wonglok-template/package.json","includedInParent":true,"mtime":1612071036692},{"name":"/Volumes/Data/DataCore/WONGLOK/CodeClients/NewLokLok/effectnode-electron/wonglok-template/node_modules/react/package.json","includedInParent":true,"mtime":1608334535586},{"name":"./cjs/react.development.js","loc":{"line":6,"column":27},"parent":"/Volumes/Data/DataCore/WONGLOK/CodeClients/NewLokLok/effectnode-electron/wonglok-template/node_modules/react/index.js","resolved":"/Volumes/Data/DataCore/WONGLOK/CodeClients/NewLokLok/effectnode-electron/wonglok-template/node_modules/react/cjs/react.development.js"}],"generated":{"js":"'use strict';\n\nif (undefined === 'production') {\n  module.exports = require('./cjs/react.production.min.js');\n} else {\n  module.exports = require('./cjs/react.development.js');\n}"},"sourceMaps":null,"error":null,"hash":"896b0d8bbfeaf4b1cc54bc8520ce11f0","cacheData":{"env":{}}}