{"id":"../../node_modules/lowdb/adapters/Base.js","dependencies":[{"name":"/Users/wonglok/Downloads/aa/a1/package.json","includedInParent":true,"mtime":1612071036692},{"name":"/Users/wonglok/Downloads/aa/a1/node_modules/lowdb/package.json","includedInParent":true,"mtime":1606189332996},{"name":"/Users/wonglok/Downloads/aa/a1/node_modules/lowdb/.babelrc","includedInParent":true,"mtime":1606189332996},{"name":"./_stringify","loc":{"line":5,"column":24},"parent":"/Users/wonglok/Downloads/aa/a1/node_modules/lowdb/adapters/Base.js","resolved":"/Users/wonglok/Downloads/aa/a1/node_modules/lowdb/adapters/_stringify.js"}],"generated":{"js":"'use strict';\n\nfunction _classCallCheck(instance, Constructor) {\n  if (!(instance instanceof Constructor)) {\n    throw new TypeError(\"Cannot call a class as a function\");\n  }\n}\n\nvar stringify = require('./_stringify');\n\nvar Base = function Base(source) {\n  var _ref = arguments.length > 1 && arguments[1] !== undefined ? arguments[1] : {},\n      _ref$defaultValue = _ref.defaultValue,\n      defaultValue = _ref$defaultValue === undefined ? {} : _ref$defaultValue,\n      _ref$serialize = _ref.serialize,\n      serialize = _ref$serialize === undefined ? stringify : _ref$serialize,\n      _ref$deserialize = _ref.deserialize,\n      deserialize = _ref$deserialize === undefined ? JSON.parse : _ref$deserialize;\n\n  _classCallCheck(this, Base);\n\n  this.source = source;\n  this.defaultValue = defaultValue;\n  this.serialize = serialize;\n  this.deserialize = deserialize;\n};\n\nmodule.exports = Base;"},"sourceMaps":null,"error":null,"hash":"d312106c1af3d70f09a99cd623cb8fba","cacheData":{"env":{}}}