{"id":"../../../../../../../Volumes/Data/DataCore/WONGLOK/CodeClients/NewLokLok/effectnode-electron/effectnode-electron/node_modules/parcel-bundler/src/builtins/loaders/browser/js-loader.js","dependencies":[{"name":"/Users/wonglok/Downloads/aa/a1/package.json","includedInParent":true,"mtime":1611718168415},{"name":"/Volumes/Data/DataCore/WONGLOK/CodeClients/NewLokLok/effectnode-electron/effectnode-electron/node_modules/parcel-bundler/package.json","includedInParent":true,"mtime":1609618150444},{"name":"/Volumes/Data/DataCore/WONGLOK/CodeClients/NewLokLok/effectnode-electron/effectnode-electron/node_modules/parcel-bundler/src/.babelrc","includedInParent":true,"mtime":1609618150444}],"generated":{"js":"module.exports = function loadJSBundle(bundle) {\n  return new Promise(function (resolve, reject) {\n    var script = document.createElement('script');\n    script.async = true;\n    script.type = 'text/javascript';\n    script.charset = 'utf-8';\n    script.src = bundle;\n\n    script.onerror = function (e) {\n      script.onerror = script.onload = null;\n      reject(e);\n    };\n\n    script.onload = function () {\n      script.onerror = script.onload = null;\n      resolve();\n    };\n\n    document.getElementsByTagName('head')[0].appendChild(script);\n  });\n};"},"sourceMaps":null,"error":null,"hash":"abc16c76a43b8670f347fe39e25126d0","cacheData":{"env":{}}}