{
	"boxes": [
		{
			"isFirstUserBox": true,
			"isProtected": true,
			"isUserBoxes": true,
			"_id": "AAA",
			"x": 49.383331298828125,
			"y": 101.31330871582031,
			"displayName": "app",
			"moduleName": "AAA__ID__app",
			"fileName": "AAA__ID__app.js",
			"slug": "app",
			"inputs": [
				{
					"_id": "main_rID_123",
					"name": "main"
				},
				{
					"_id": "mode_rID_456",
					"name": "mode"
				}
			],
			"userData": [
				{
					"_id": "_23222452",
					"name": "bgColor",
					"type": "color",
					"value": "#616161"
				}
			]
		},
		{
			"isFirstUserBox": false,
			"isProtected": false,
			"isUserBoxes": true,
			"_id": "_20373994",
			"x": 341.67039489746094,
			"y": 207.04238891601562,
			"displayName": "mesh",
			"moduleName": "mesh__ID___20373994",
			"fileName": "mesh__ID___20373994.js",
			"slug": "mesh",
			"userData": [
				{
					"_id": "_48825744",
					"name": "color",
					"type": "color",
					"value": "#ffffff"
				},
				{
					"_id": "_58636374",
					"name": "rx",
					"type": "number",
					"value": -9.7
				},
				{
					"_id": "_70842090",
					"name": "ry",
					"type": "number",
					"value": 48.6
				},
				{
					"_id": "_74722661",
					"name": "rz",
					"type": "number",
					"value": -34.7
				}
			],
			"inputs": [
				{
					"_id": "_39203022",
					"name": "main"
				},
				{
					"_id": "_24282020",
					"name": "speed"
				},
				{
					"_id": "_7174901",
					"name": "color"
				},
				{
					"_id": "_86135082",
					"name": "pulse"
				}
			]
		},
		{
			"isFirstUserBox": false,
			"isProtected": false,
			"isUserBoxes": true,
			"_id": "_55713472",
			"x": 266.96083068847656,
			"y": 401.49505615234375,
			"displayName": "geo",
			"moduleName": "geo__ID___55713472",
			"fileName": "geo__ID___55713472.js",
			"slug": "geo",
			"userData": [
				{
					"_id": "_13078412",
					"name": "radius",
					"type": "number",
					"value": 10.9
				}
			],
			"inputs": [
				{
					"_id": "_94974077",
					"name": "main"
				},
				{
					"_id": "_10101073",
					"name": "speed"
				},
				{
					"_id": "_70930974",
					"name": "color"
				}
			]
		},
		{
			"isFirstUserBox": false,
			"isProtected": false,
			"isUserBoxes": true,
			"_id": "_34583859",
			"x": 448.2670593261719,
			"y": 398.8988952636719,
			"displayName": "mat",
			"moduleName": "mat__ID___34583859",
			"fileName": "mat__ID___34583859.js",
			"slug": "mat",
			"userData": [
				{
					"_id": "_37543847",
					"name": "res",
					"type": "number",
					"number": -1.1,
					"value": -44
				}
			],
			"inputs": [
				{
					"_id": "_80198685",
					"name": "main"
				},
				{
					"_id": "_84148374",
					"name": "speed"
				},
				{
					"_id": "_136031",
					"name": "color"
				}
			]
		},
		{
			"isFirstUserBox": false,
			"isProtected": false,
			"isUserBoxes": true,
			"_id": "_63164145",
			"x": 98.77850341796875,
			"y": 286.2122802734375,
			"displayName": "points",
			"moduleName": "points__ID___63164145",
			"fileName": "points__ID___63164145.js",
			"slug": "points",
			"userData": [],
			"inputs": [
				{
					"_id": "_73853949",
					"name": "main"
				},
				{
					"_id": "_68826552",
					"name": "speed"
				},
				{
					"_id": "_69027790",
					"name": "color"
				}
			]
		}
	],
	"cables": [
		{
			"_id": "_94460474",
			"outputBoxID": "_20373994",
			"inputBoxID": "_55713472",
			"inputSlotID": "_94974077"
		},
		{
			"_id": "_316311",
			"outputBoxID": "AAA",
			"inputBoxID": "_63164145",
			"inputSlotID": "_73853949"
		},
		{
			"_id": "_80122069",
			"outputBoxID": "_20373994",
			"inputBoxID": "_34583859",
			"inputSlotID": "_80198685"
		},
		{
			"_id": "_15517339",
			"outputBoxID": "AAA",
			"inputBoxID": "_20373994",
			"inputSlotID": "_39203022"
		}
	],
	"slots": []
}