{"id":"../../node_modules/lowdb/adapters/Base.js","dependencies":[{"name":"/Users/wonglok/Downloads/aa/a1/package.json","includedInParent":true,"mtime":1611718168415},{"name":"/Users/wonglok/Downloads/aa/a1/node_modules/lowdb/package.json","includedInParent":true,"mtime":1611716355038},{"name":"/Users/wonglok/Downloads/aa/a1/node_modules/lowdb/.babelrc","includedInParent":true,"mtime":1503444767000},{"name":"./_stringify","loc":{"line":5,"column":24},"parent":"/Users/wonglok/Downloads/aa/a1/node_modules/lowdb/adapters/Base.js","resolved":"/Users/wonglok/Downloads/aa/a1/node_modules/lowdb/adapters/_stringify.js"}],"generated":{"js":"\"use strict\";function i(i,e){if(!(i instanceof e))throw new TypeError(\"Cannot call a class as a function\")}var e=require(\"./_stringify\"),s=function s(a){var t=arguments.length>1&&void 0!==arguments[1]?arguments[1]:{},r=t.defaultValue,o=void 0===r?{}:r,l=t.serialize,n=void 0===l?e:l,u=t.deserialize,d=void 0===u?JSON.parse:u;i(this,s),this.source=a,this.defaultValue=o,this.serialize=n,this.deserialize=d};module.exports=s;"},"sourceMaps":null,"error":null,"hash":"2ca97834243e2fec5b361ab4e65505e3","cacheData":{"env":{}}}