{"id":"../../node_modules/tiny-emitter/index.js","dependencies":[{"name":"/Users/wonglok/Downloads/aa/a1/package.json","includedInParent":true,"mtime":1612071036692},{"name":"/Users/wonglok/Downloads/aa/a1/node_modules/tiny-emitter/package.json","includedInParent":true,"mtime":1608334535590}],"generated":{"js":"function E () {\n  // Keep this empty so it's easier to inherit from\n  // (via https://github.com/lipsmack from https://github.com/scottcorgan/tiny-emitter/issues/3)\n}\n\nE.prototype = {\n  on: function (name, callback, ctx) {\n    var e = this.e || (this.e = {});\n\n    (e[name] || (e[name] = [])).push({\n      fn: callback,\n      ctx: ctx\n    });\n\n    return this;\n  },\n\n  once: function (name, callback, ctx) {\n    var self = this;\n    function listener () {\n      self.off(name, listener);\n      callback.apply(ctx, arguments);\n    };\n\n    listener._ = callback\n    return this.on(name, listener, ctx);\n  },\n\n  emit: function (name) {\n    var data = [].slice.call(arguments, 1);\n    var evtArr = ((this.e || (this.e = {}))[name] || []).slice();\n    var i = 0;\n    var len = evtArr.length;\n\n    for (i; i < len; i++) {\n      evtArr[i].fn.apply(evtArr[i].ctx, data);\n    }\n\n    return this;\n  },\n\n  off: function (name, callback) {\n    var e = this.e || (this.e = {});\n    var evts = e[name];\n    var liveEvents = [];\n\n    if (evts && callback) {\n      for (var i = 0, len = evts.length; i < len; i++) {\n        if (evts[i].fn !== callback && evts[i].fn._ !== callback)\n          liveEvents.push(evts[i]);\n      }\n    }\n\n    // Remove event from queue to prevent memory leak\n    // Suggested by https://github.com/lazd\n    // Ref: https://github.com/scottcorgan/tiny-emitter/commit/c6ebfaa9bc973b33d110a84a307742b7cf94c953#commitcomment-5024910\n\n    (liveEvents.length)\n      ? e[name] = liveEvents\n      : delete e[name];\n\n    return this;\n  }\n};\n\nmodule.exports = E;\nmodule.exports.TinyEmitter = E;\n"},"sourceMaps":null,"error":null,"hash":"4fa5eba0f4f7ef2d89e18cb03a73bbf1","cacheData":{"env":{}}}