{"id":"../../node_modules/fast-deep-equal/index.js","dependencies":[{"name":"/Volumes/Data/DataCore/WONGLOK/CodeClients/NewLokLok/effectnode-electron/wonglok-template/package.json","includedInParent":true,"mtime":1612071036692},{"name":"/Volumes/Data/DataCore/WONGLOK/CodeClients/NewLokLok/effectnode-electron/wonglok-template/node_modules/fast-deep-equal/package.json","includedInParent":true,"mtime":1605817257864}],"generated":{"js":"'use strict';\n\n// do not edit .js files directly - edit src/index.jst\n\n\n\nmodule.exports = function equal(a, b) {\n  if (a === b) return true;\n\n  if (a && b && typeof a == 'object' && typeof b == 'object') {\n    if (a.constructor !== b.constructor) return false;\n\n    var length, i, keys;\n    if (Array.isArray(a)) {\n      length = a.length;\n      if (length != b.length) return false;\n      for (i = length; i-- !== 0;)\n        if (!equal(a[i], b[i])) return false;\n      return true;\n    }\n\n\n\n    if (a.constructor === RegExp) return a.source === b.source && a.flags === b.flags;\n    if (a.valueOf !== Object.prototype.valueOf) return a.valueOf() === b.valueOf();\n    if (a.toString !== Object.prototype.toString) return a.toString() === b.toString();\n\n    keys = Object.keys(a);\n    length = keys.length;\n    if (length !== Object.keys(b).length) return false;\n\n    for (i = length; i-- !== 0;)\n      if (!Object.prototype.hasOwnProperty.call(b, keys[i])) return false;\n\n    for (i = length; i-- !== 0;) {\n      var key = keys[i];\n\n      if (!equal(a[key], b[key])) return false;\n    }\n\n    return true;\n  }\n\n  // true if both NaN, false otherwise\n  return a!==a && b!==b;\n};\n"},"sourceMaps":null,"error":null,"hash":"9865a969883e644d138bf0c04c3d56d7","cacheData":{"env":{}}}