{"id":"../../node_modules/lowdb/adapters/_stringify.js","dependencies":[{"name":"/Users/wonglok/Downloads/aa/a1/package.json","includedInParent":true,"mtime":1612071036692},{"name":"/Users/wonglok/Downloads/aa/a1/node_modules/lowdb/package.json","includedInParent":true,"mtime":1606189332996},{"name":"/Users/wonglok/Downloads/aa/a1/node_modules/lowdb/.babelrc","includedInParent":true,"mtime":1606189332996}],"generated":{"js":"\"use strict\"; // Pretty stringify\n\nmodule.exports = function stringify(obj) {\n  return JSON.stringify(obj, null, 2);\n};"},"sourceMaps":null,"error":null,"hash":"39b9ed98c414c883890721d3b67da38d","cacheData":{"env":{}}}