{"id":"../../node_modules/is-promise/index.js","dependencies":[{"name":"/Users/wonglok/Downloads/aa/a1/package.json","includedInParent":true,"mtime":1611718168415},{"name":"/Users/wonglok/Downloads/aa/a1/node_modules/is-promise/package.json","includedInParent":true,"mtime":1611716355038}],"generated":{"js":"function t(t){return!!t&&(\"object\"==typeof t||\"function\"==typeof t)&&\"function\"==typeof t.then}module.exports=t,module.exports.default=t;"},"sourceMaps":null,"error":null,"hash":"27886ebe88e31ce8c92c251a395df16c","cacheData":{"env":{}}}